ts,borrow_apr,stable_borrow_apr,utilization_rate,liquidity_rate
2025-02-24 00:00:00+00:00,0.0626541852874218,0.0,0.6595928370833333,0.03827970461371866
2025-02-24 06:00:00+00:00,0.06363638856998886,0.0,0.6534839706944444,0.038345026808146256
2025-02-24 12:00:00+00:00,0.06322332393128004,0.0,0.6334958436111111,0.0372393177800352
2025-02-24 18:00:00+00:00,0.06492350423613816,0.0,0.649385085,0.03889235925544668
2025-02-25 00:00:00+00:00,0.06018528899390377,0.0,0.6188608225,0.03453594533592108
2025-02-25 06:00:00+00:00,0.05854204883104524,0.0,0.6072079061111111,0.03302745589573344
2025-02-25 12:00:00+00:00,0.06162259233398004,0.0,0.6114950330555556,0.03493416656699376
2025-02-25 18:00:00+00:00,0.06264495796653673,0.0,0.624445342638889,0.03621832920966732
2025-02-26 00:00:00+00:00,0.06273308073385932,0.0,0.6172791593055555,0.035859063036886143
2025-02-26 06:00:00+00:00,0.06963223296256764,0.0,0.674691375,0.043195441408723084
2025-02-26 12:00:00+00:00,0.07166707607006484,0.0,0.6854635280555557,0.0451649908483998
2025-02-26 18:00:00+00:00,0.07067142429104976,0.0,0.7119820474999999,0.0463164092810658
2025-02-27 00:00:00+00:00,0.06788188456185558,0.0,0.7043156065277778,0.04387599694971756
2025-02-27 06:00:00+00:00,0.0699630290937651,0.0,0.7028877709722222,0.04518699365931636
2025-02-27 12:00:00+00:00,0.074009489288835,0.0,0.7136865727777777,0.04841625181613466
2025-02-27 18:00:00+00:00,0.0754768706049147,0.0,0.71366642,0.04977679371370722
2025-02-28 00:00:00+00:00,0.06565251935562054,0.0,0.6555913997222222,0.04034032504399404
2025-02-28 06:00:00+00:00,0.06212115793053265,0.0,0.6358611486111111,0.03667943910428118
2025-02-28 12:00:00+00:00,0.06240782102301642,0.0,0.6204495059722223,0.036140070175928934
2025-02-28 18:00:00+00:00,0.060606744130263124,0.0,0.5889335902777778,0.0331551258776025
2025-03-01 00:00:00+00:00,0.058566415720432134,0.0,0.5878619709722223,0.03213773717162448
2025-03-01 06:00:00+00:00,0.05669928598440096,0.0,0.5861957056944445,0.030880385279476136
2025-03-01 12:00:00+00:00,0.05859360401311656,0.0,0.5872431631944445,0.03203060127332196
2025-03-01 18:00:00+00:00,0.06183624555861143,0.0,0.5883195783333334,0.03381009387203832
2025-03-02 00:00:00+00:00,0.060525425167147796,0.0,0.5888955877777778,0.03311175288212058
2025-03-02 06:00:00+00:00,0.05323699244557458,0.0,0.5897247816666666,0.02925213949727364
2025-03-02 12:00:00+00:00,0.05738991683359193,0.0,0.5910711023611112,0.03171133559133588
2025-03-02 18:00:00+00:00,0.057962858806610756,0.0,0.5831574618055556,0.03144943057952064
2025-03-03 00:00:00+00:00,0.05822165335758912,0.0,0.5855188369444444,0.03181316440914546
2025-03-03 06:00:00+00:00,0.055285369823620444,0.0,0.5851328668055555,0.03027999880552398
2025-03-03 12:00:00+00:00,0.06072081121968552,0.0,0.59216756625,0.03357162849244974
2025-03-03 18:00:00+00:00,0.05816740575859938,0.0,0.5699849330555556,0.031164403320068042
2025-03-04 00:00:00+00:00,0.058514060022124496,0.0,0.5625434180555556,0.03073811336860836
2025-03-04 06:00:00+00:00,0.05523690233723088,0.0,0.5692711144444444,0.029514989591561402
2025-03-04 12:00:00+00:00,0.05839435489724544,0.0,0.5725068347222222,0.03128920302930204
2025-03-04 18:00:00+00:00,0.055919713664590205,0.0,0.5758168005555555,0.03029784910270368
2025-03-05 00:00:00+00:00,0.0548570843219235,0.0,0.5767913745833333,0.029508363904929058
2025-03-05 06:00:00+00:00,0.06160251748104,0.0,0.5776111802777778,0.03327919232250426
2025-03-05 12:00:00+00:00,0.061900464887969395,0.0,0.5816108694444444,0.0335211452013276
2025-03-05 18:00:00+00:00,0.05500667042943708,0.0,0.5858347636111111,0.030007811896864203
2025-03-06 00:00:00+00:00,0.0600887988688473,0.0,0.5761398791666666,0.0322917246485799
2025-03-06 06:00:00+00:00,0.06212526523601628,0.0,0.5733675668055556,0.0331925811497844
2025-03-06 12:00:00+00:00,0.057183138342642534,0.0,0.5776464118055555,0.0308775004632219
2025-03-06 18:00:00+00:00,0.06192333277625658,0.0,0.5886743141666666,0.03402168768460458
2025-03-07 00:00:00+00:00,0.0562408967624841,0.0,0.5903269901388889,0.03090729445994994
2025-03-07 06:00:00+00:00,0.06037444109006292,0.0,0.5899647936111111,0.03321845275399416
2025-03-07 12:00:00+00:00,0.05536409332592658,0.0,0.5904276883333333,0.030550759283022057
2025-03-07 18:00:00+00:00,0.05335408437410904,0.0,0.5889181897222222,0.02925581833370736
2025-03-08 00:00:00+00:00,0.052392584413998605,0.0,0.5902526763888889,0.028779030706404
2025-03-08 06:00:00+00:00,0.058227155182228985,0.0,0.5939397426388889,0.032191096314192064
2025-03-08 12:00:00+00:00,0.05706346300995846,0.0,0.5930945372222223,0.03151236661695786
2025-03-08 18:00:00+00:00,0.05692275810704442,0.0,0.59241431875,0.03136829289006372
2025-03-09 00:00:00+00:00,0.055604943114513236,0.0,0.5936076597222222,0.03069112482938778
2025-03-09 06:00:00+00:00,0.05485866450036642,0.0,0.594815919861111,0.03034182813770904
2025-03-09 12:00:00+00:00,0.05343325000186272,0.0,0.5946870508333333,0.02957551468662192
2025-03-09 18:00:00+00:00,0.05770372212247944,0.0,0.5934914222222223,0.03198750481736568
2025-03-10 00:00:00+00:00,0.05466034678030002,0.0,0.5925327866666668,0.03019550404382844
2025-03-10 06:00:00+00:00,0.05436191512046988,0.0,0.5802018773611111,0.02951755559362938
2025-03-10 12:00:00+00:00,0.05242023653057172,0.0,0.5731400322222222,0.028095439048038358
2025-03-10 18:00:00+00:00,0.0512931063315636,0.0,0.5432621844444445,0.02641813880084628
2025-03-11 00:00:00+00:00,0.04983946267760472,0.0,0.5375611669444444,0.02530342718736816
2025-03-11 06:00:00+00:00,0.0490700496492186,0.0,0.5431085252777778,0.0250411632548148
2025-03-11 12:00:00+00:00,0.05291025680751576,0.0,0.5561051325,0.02753161707674604
2025-03-11 18:00:00+00:00,0.04933453862418534,0.0,0.5520868320833334,0.02552375167486206
2025-03-12 00:00:00+00:00,0.050302065653814,0.0,0.5433520836111111,0.025649078758236958
2025-03-12 06:00:00+00:00,0.045811302277959126,0.0,0.5395506154166667,0.02320102182341868
2025-03-12 12:00:00+00:00,0.04584297561167652,0.0,0.5038495513888889,0.021907089112913402
2025-03-12 18:00:00+00:00,0.04302711592121946,0.0,0.50801873,0.02065640546941668
2025-03-13 00:00:00+00:00,0.04805822055175752,0.0,0.5454087009722222,0.02460641475039024
2025-03-13 06:00:00+00:00,0.04905553033020851,0.0,0.5497014644444445,0.025265175796636383
2025-03-13 12:00:00+00:00,0.04914967844082564,0.0,0.5518881766666666,0.02543594802597804
2025-03-13 18:00:00+00:00,0.0490180222536927,0.0,0.5535470440277778,0.02544235451501544
2025-03-14 00:00:00+00:00,0.04951758887379312,0.0,0.5514342829166667,0.02558553142948548
2025-03-14 06:00:00+00:00,0.05032391837133294,0.0,0.5597565213888889,0.0263880016204179
2025-03-14 12:00:00+00:00,0.0503543667426408,0.0,0.5637167280555555,0.02669615793692304
2025-03-14 18:00:00+00:00,0.0523751897637732,0.0,0.5672628297222223,0.02778031769645556
2025-03-15 00:00:00+00:00,0.0433165225392561,0.0,0.5564191008333332,0.02255521322596674
2025-03-15 06:00:00+00:00,0.05138290114891974,0.0,0.5560806448611112,0.02681520529355448
2025-03-15 12:00:00+00:00,0.052630226217802806,0.0,0.5559512486111111,0.02739835445340306
2025-03-15 18:00:00+00:00,0.04336656343800474,0.0,0.5569409390277777,0.02261054813615118
2025-03-16 00:00:00+00:00,0.044732863415007956,0.0,0.5568154390277777,0.023321548542627062
2025-03-16 06:00:00+00:00,0.0428448635105292,0.0,0.5579519341666667,0.02237385031741926
2025-03-16 12:00:00+00:00,0.04259528379454512,0.0,0.5590279781944445,0.02241924736578696
2025-03-16 18:00:00+00:00,0.04586697403549062,0.0,0.5601219809722222,0.02406562425026292
2025-03-17 00:00:00+00:00,0.044767438004359145,0.0,0.5607169325,0.023482987990030558
2025-03-17 06:00:00+00:00,0.0476514048318927,0.0,0.5597815993055556,0.025025922075831777
2025-03-17 12:00:00+00:00,0.04703267055484734,0.0,0.5551548887500001,0.02446380579800124
2025-03-17 18:00:00+00:00,0.046133927855006224,0.0,0.5587599076388889,0.0241965272261757
2025-03-18 00:00:00+00:00,0.046310126107293,0.0,0.5597155486111112,0.02427870525903612
2025-03-18 06:00:00+00:00,0.05074808026823472,0.0,0.5600966288888889,0.026633492914911662
2025-03-18 12:00:00+00:00,0.0502036949299296,0.0,0.5656801927777777,0.0265712562436026
2025-03-18 18:00:00+00:00,0.04845640102036458,0.0,0.5685993034722222,0.02578229673954684
2025-03-19 00:00:00+00:00,0.04508841248036082,0.0,0.5657987280555555,0.02385275029038816
2025-03-19 06:00:00+00:00,0.045477683837745836,0.0,0.5647019869444444,0.02419860312827508
2025-03-19 12:00:00+00:00,0.04410092358801264,0.0,0.5679176115277778,0.02344996047951486
2025-03-19 18:00:00+00:00,0.0388197294879801,0.0,0.5702815202777778,0.02093893701173274
2025-03-20 00:00:00+00:00,0.0360256595049489,0.0,0.5742568238888889,0.019321177421711758
2025-03-20 06:00:00+00:00,0.0399645688615578,0.0,0.5863018948611111,0.021868647808149778
2025-03-20 12:00:00+00:00,0.0391280726515053,0.0,0.5973678859722222,0.021772432293710762
2025-03-20 18:00:00+00:00,0.04333890340028484,0.0,0.6079574219444445,0.0246170497749192
2025-03-21 00:00:00+00:00,0.04534786835449116,0.0,0.62053372,0.0261851302015308
2025-03-21 06:00:00+00:00,0.04390950420266256,0.0,0.6363301987500001,0.025857533780862182
2025-03-21 12:00:00+00:00,0.04788095224162164,0.0,0.6755457902777777,0.02981756028622152
2025-03-21 18:00:00+00:00,0.04521649591862832,0.0,0.67771683,0.02823969701937408
2025-03-22 00:00:00+00:00,0.04682297562313704,0.0,0.6761738445833333,0.0292160419853082
2025-03-22 06:00:00+00:00,0.04917258069680034,0.0,0.6844653551388888,0.031044055331919302
2025-03-22 12:00:00+00:00,0.0446209834701891,0.0,0.6864189350000001,0.02820753389807406
2025-03-22 18:00:00+00:00,0.048318668165846096,0.0,0.6830644647222222,0.030385296323165938
2025-03-23 00:00:00+00:00,0.045757422077105515,0.0,0.6829195426388889,0.028775319887240938
2025-03-23 06:00:00+00:00,0.04987143116770926,0.0,0.685458341111111,0.03147428551451598
2025-03-23 12:00:00+00:00,0.048921076701325804,0.0,0.6853681604166666,0.03089044529853804
2025-03-23 18:00:00+00:00,0.04703167998009612,0.0,0.6723484745833334,0.029185703287693616
2025-03-24 00:00:00+00:00,0.03904310022803376,0.0,0.6471013563888889,0.02345466992396112
2025-03-24 06:00:00+00:00,0.043026781965574676,0.0,0.6390943248611111,0.025546930581456722
2025-03-24 12:00:00+00:00,0.04394994229691874,0.0,0.6467327356944444,0.02636544728425506
2025-03-24 18:00:00+00:00,0.04571389738483062,0.0,0.6577128531944445,0.027895744930106523
2025-03-25 00:00:00+00:00,0.04640149840813062,0.0,0.6564408706944445,0.028133748025542842
2025-03-25 06:00:00+00:00,0.045808246253895304,0.0,0.6466019077777778,0.02747667264548004
2025-03-25 12:00:00+00:00,0.042216899104852317,0.0,0.6502961023611111,0.02537828887596804
2025-03-25 18:00:00+00:00,0.04559880808399146,0.0,0.6574360369444444,0.027697515148434538
2025-03-26 00:00:00+00:00,0.0444653594049153,0.0,0.64389750125,0.02650088549167338
2025-03-26 06:00:00+00:00,0.0476453026801473,0.0,0.6434538561111112,0.02837650578497466
2025-03-26 12:00:00+00:00,0.04767141609129738,0.0,0.6472050575,0.02861635188500688
2025-03-26 18:00:00+00:00,0.04598985258628638,0.0,0.6511969558333334,0.027682304255907602
2025-03-27 00:00:00+00:00,0.048480188723280956,0.0,0.65311737375,0.0292869865116792
2025-03-27 06:00:00+00:00,0.04650502081374336,0.0,0.6528965880555556,0.02805955309278852
2025-03-27 12:00:00+00:00,0.04552350320248986,0.0,0.6614883490277778,0.02785000682841792
2025-03-27 18:00:00+00:00,0.04499659248696864,0.0,0.6752309212500001,0.0280160182077324
2025-03-28 00:00:00+00:00,0.04439031783273762,0.0,0.6863942994444444,0.028082674631960878
2025-03-28 06:00:00+00:00,0.04869060724571682,0.0,0.7004313027777778,0.03139950458729946
2025-03-28 12:00:00+00:00,0.05016709615931922,0.0,0.7103216790277778,0.032848291584679196
2025-03-28 18:00:00+00:00,0.04799495271865062,0.0,0.7159933341666667,0.03155560312505226
2025-03-29 00:00:00+00:00,0.04469966855043882,0.0,0.7153628391666667,0.029366708098031942
2025-03-29 06:00:00+00:00,0.05581431478693296,0.0,0.7128252055555556,0.03654489441734028
2025-03-29 12:00:00+00:00,0.047112959182040094,0.0,0.7142167745833333,0.030939917620726683
2025-03-29 18:00:00+00:00,0.049721600393141635,0.0,0.7191776911111112,0.0328643865844854
2025-03-30 00:00:00+00:00,0.039077755485395466,0.0,0.7100101095833333,0.025622904384118197
2025-03-30 06:00:00+00:00,0.0408094574158995,0.0,0.7123104670833333,0.0267302639835969
2025-03-30 12:00:00+00:00,0.04246639035154218,0.0,0.7125251479166667,0.027837064415649117
2025-03-30 18:00:00+00:00,0.04483612931859204,0.0,0.7126084695833333,0.02935868659782198
2025-03-31 00:00:00+00:00,0.040857374550484195,0.0,0.6996101894444444,0.02627997073313784
2025-03-31 06:00:00+00:00,0.03969529040297964,0.0,0.6806577983333333,0.02489565569032788
2025-03-31 12:00:00+00:00,0.042225119618154304,0.0,0.6795605598611112,0.026478151474188
2025-03-31 18:00:00+00:00,0.042093942876622444,0.0,0.6863160020833333,0.0266598481314822
2025-04-01 00:00:00+00:00,0.04125423677138478,0.0,0.6889304283333334,0.02620656899540604
2025-04-01 06:00:00+00:00,0.04066936723256076,0.0,0.6801126623611111,0.025618693847400058
2025-04-01 12:00:00+00:00,0.038888159105591937,0.0,0.6857199456944445,0.02460422814280098
2025-04-01 18:00:00+00:00,0.04003609685097,0.0,0.69323416625,0.02555772499110654
2025-04-02 00:00:00+00:00,0.04088127681916404,0.0,0.688492646111111,0.02593583814526164
2025-04-02 06:00:00+00:00,0.04133404522685568,0.0,0.6865078469444444,0.02616493386631674
2025-04-02 12:00:00+00:00,0.042470479519603505,0.0,0.6793047213888889,0.0267056736485757
2025-04-02 18:00:00+00:00,0.04258976729408892,0.0,0.6800372072222223,0.0267760916462991
2025-04-03 00:00:00+00:00,0.0432631976429493,0.0,0.6786887295833333,0.02714952578149836
2025-04-03 06:00:00+00:00,0.04058665132489926,0.0,0.6782228905555556,0.02541448749574836
2025-04-03 12:00:00+00:00,0.04436179773292668,0.0,0.6768391463888889,0.027725800510625162
2025-04-03 18:00:00+00:00,0.03931524175016994,0.0,0.6615646738888888,0.02404213463249514
2025-04-04 00:00:00+00:00,0.043862674214926206,0.0,0.6534542501388889,0.0265006755663501
2025-04-04 06:00:00+00:00,0.03772587529923006,0.0,0.6561121770833334,0.02298244125870546
2025-04-04 12:00:00+00:00,0.04309591431280428,0.0,0.6682001244444444,0.02665269869630214
2025-04-04 18:00:00+00:00,0.03923720806677894,0.0,0.6633420209722222,0.024143925720875217
2025-04-05 00:00:00+00:00,0.03637092741924858,0.0,0.663525375,0.02229304734478104
2025-04-05 06:00:00+00:00,0.04113636366150204,0.0,0.6614025355555556,0.02515692828413538
2025-04-05 12:00:00+00:00,0.03461314737741606,0.0,0.6621399745833334,0.021176068035989638
2025-04-05 18:00:00+00:00,0.0415353676253409,0.0,0.6659124581944444,0.02554041918963228
2025-04-06 00:00:00+00:00,0.03261842644804644,0.0,0.6635372729166666,0.01998531722368188
2025-04-06 06:00:00+00:00,0.0415005915417372,0.0,0.6624430033333334,0.02539772121436086
2025-04-06 12:00:00+00:00,0.042131734332892384,0.0,0.6616801729166667,0.025758666608764202
2025-04-06 18:00:00+00:00,0.04138160455268352,0.0,0.646893545,0.02496845988189936
2025-04-07 00:00:00+00:00,0.04224017118794472,0.0,0.6346447061111111,0.02491764761893296
2025-04-07 06:00:00+00:00,0.040760032447656,0.0,0.6301236794444445,0.02407333894588308
2025-04-07 12:00:00+00:00,0.0419134491131034,0.0,0.6468774691666667,0.02569315861211736
2025-04-07 18:00:00+00:00,0.03698981817106248,0.0,0.6440823047222222,0.02225237390086524
2025-04-08 00:00:00+00:00,0.04048905933339126,0.0,0.640804637638889,0.024141968143906442
2025-04-08 06:00:00+00:00,0.03846366285311196,0.0,0.6387673956944444,0.022775707278292798
2025-04-08 12:00:00+00:00,0.04130799866919612,0.0,0.6382858019444444,0.02498569928733468
2025-04-08 18:00:00+00:00,0.039291944366581316,0.0,0.6446431080555555,0.02368885513626336
2025-04-09 00:00:00+00:00,0.0412737652621656,0.0,0.634091148888889,0.02444299306899192
2025-04-09 06:00:00+00:00,0.0381960957304824,0.0,0.6407966627777778,0.0227911639606386
2025-04-09 12:00:00+00:00,0.04060887988582944,0.0,0.645981595,0.02639843036254404
2025-04-09 18:00:00+00:00,0.04231214367965964,0.0,0.6577615433333333,0.026316479287604878
2025-04-10 00:00:00+00:00,0.04191892226449812,0.0,0.6557618540277779,0.0254384975916624
2025-04-10 06:00:00+00:00,0.04093875836048502,0.0,0.6515996509722223,0.024696257802640918
2025-04-10 12:00:00+00:00,0.039485257793158916,0.0,0.6681470819444445,0.024580744537573078
2025-04-10 18:00:00+00:00,0.043758755611718096,0.0,0.6727467969444444,0.027505408314165418
2025-04-11 00:00:00+00:00,0.04195850950162746,0.0,0.68447087375,0.02661922415426586
2025-04-11 06:00:00+00:00,0.04654542306772536,0.0,0.7101181416666668,0.03062808917814492
2025-04-11 12:00:00+00:00,0.0464354634087918,0.0,0.7242700551388889,0.03095767758698076
2025-04-11 18:00:00+00:00,0.04807892072766156,0.0,0.7251368455555556,0.032043616802941856
2025-04-12 00:00:00+00:00,0.04448915235093258,0.0,0.7228128690277777,0.029523025677250198
2025-04-12 06:00:00+00:00,0.04286372528238786,0.0,0.7236876522222223,0.0284725266197097
2025-04-12 12:00:00+00:00,0.0442967020559325,0.0,0.72103738875,0.030075771149723103
2025-04-12 18:00:00+00:00,0.04177666481489238,0.0,0.7186798090277777,0.027588341258399943
2025-04-13 00:00:00+00:00,0.0460195366096284,0.0,0.7162529688888889,0.030329558074111498
2025-04-13 06:00:00+00:00,0.04235873148800238,0.0,0.7169767218055556,0.027946149891752703
2025-04-13 12:00:00+00:00,0.04291520640162444,0.0,0.710169032638889,0.02809081202607732
2025-04-13 18:00:00+00:00,0.04974076015166022,0.0,0.7052077804166667,0.03230092862804202
2025-04-14 00:00:00+00:00,0.04541939002690092,0.0,0.7103832894444444,0.030024666297995637
2025-04-14 06:00:00+00:00,0.0410316287376861,0.0,0.7119954223611111,0.02691944794791774
2025-04-14 12:00:00+00:00,0.04271420019220314,0.0,0.7102906127777778,0.02839653716513136
2025-04-14 18:00:00+00:00,0.04432853412659646,0.0,0.7044516504166667,0.028736388279535136
2025-04-15 00:00:00+00:00,0.04296973210622196,0.0,0.6879400259722223,0.02723848910748156
2025-04-15 06:00:00+00:00,0.038831890962179635,0.0,0.6789183020833334,0.024333439764540842
2025-04-15 12:00:00+00:00,0.04440412250782476,0.0,0.6696670348611111,0.027506065556786762
2025-04-15 18:00:00+00:00,0.04526782314419094,0.0,0.6643830088888889,0.0278268776690442
2025-04-16 00:00:00+00:00,0.0403846673278389,0.0,0.6533798679166667,0.02474691122856024
2025-04-16 06:00:00+00:00,0.03876774421748088,0.0,0.6549691459722222,0.02355052094373972
2025-04-16 12:00:00+00:00,0.04084310907550854,0.0,0.6515723726388889,0.02499885430909656
2025-04-16 18:00:00+00:00,0.038635483096673764,0.0,0.6542164238888889,0.02337768525623784
2025-04-17 00:00:00+00:00,0.042636677602011244,0.0,0.6465732750000001,0.02553267407090442
2025-04-17 06:00:00+00:00,0.039785636455026,0.0,0.6444516651388889,0.0237559965928749
2025-04-17 12:00:00+00:00,0.040957089212711045,0.0,0.6442404194444444,0.02450893530101562
2025-04-17 18:00:00+00:00,0.03895138655439804,0.0,0.6390025027777777,0.02309354090478984
2025-04-18 00:00:00+00:00,0.03788393508207024,0.0,0.6446039330555555,0.022635795692055777
2025-04-18 06:00:00+00:00,0.03840137239369908,0.0,0.6488988309722222,0.02310062201417304
2025-04-18 12:00:00+00:00,0.03977631476392236,0.0,0.6486115026388889,0.0238996240428042
2025-04-18 18:00:00+00:00,0.03698868345842154,0.0,0.6473383301388889,0.02232328958291268
2025-04-19 00:00:00+00:00,0.037275574651607996,0.0,0.6429526298611111,0.02237221235293554
2025-04-19 06:00:00+00:00,0.040453970517901436,0.0,0.6404229370833333,0.024033211289111338
2025-04-19 12:00:00+00:00,0.03711761624244432,0.0,0.6362008134722221,0.0219473498797116
2025-04-19 18:00:00+00:00,0.042873866675603875,0.0,0.6362330481944444,0.0253605309990309
2025-04-20 00:00:00+00:00,0.03769772026986558,0.0,0.6365415044444445,0.02226932976814812
2025-04-20 06:00:00+00:00,0.0358579056960921,0.0,0.6330131177777778,0.021095737773769562
2025-04-20 12:00:00+00:00,0.03688232375377734,0.0,0.6304752877777777,0.02159365710897402
2025-04-20 18:00:00+00:00,0.03588710832769392,0.0,0.6292029370833334,0.02099227124106618
2025-04-21 00:00:00+00:00,0.04138956921079962,0.0,0.6291268755555556,0.02419104880475622
2025-04-21 06:00:00+00:00,0.03936839110594488,0.0,0.6300534334722223,0.02306572863303492
2025-04-21 12:00:00+00:00,0.03560115877705062,0.0,0.6299156279166667,0.02083688772512958
2025-04-21 18:00:00+00:00,0.04009765330862946,0.0,0.6489491408333333,0.02414511704799018
2025-04-22 00:00:00+00:00,0.03788810306400924,0.0,0.6445073723611111,0.0227856735903864
2025-04-22 06:00:00+00:00,0.041526341120824505,0.0,0.6470056222222222,0.0249091488529866
2025-04-22 12:00:00+00:00,0.041775974773197305,0.0,0.6378601191666666,0.024847861783955278
2025-04-22 18:00:00+00:00,0.040446755783907475,0.0,0.6170073594444445,0.02368562767234194
2025-04-23 00:00:00+00:00,0.038662943821061405,0.0,0.5970172480555556,0.02199586294458264
2025-04-23 06:00:00+00:00,0.0344474712484656,0.0,0.5958152913888889,0.019167185142248397
2025-04-23 12:00:00+00:00,0.039153853750596844,0.0,0.6115580105555556,0.02240906051944068
2025-04-23 18:00:00+00:00,0.0377372659427484,0.0,0.6156486476388889,0.021607565658818398
2025-04-24 00:00:00+00:00,0.042378918036636425,0.0,0.5992038458333333,0.02369985458763282
2025-04-24 06:00:00+00:00,0.03952670014952616,0.0,0.5937341847222223,0.02195681479608816
2025-04-24 12:00:00+00:00,0.03266764440496752,0.0,0.5967331401388889,0.018329730765997622
2025-04-24 18:00:00+00:00,0.03124882863979818,0.0,0.6046680363888889,0.01763722988316504
2025-04-25 00:00:00+00:00,0.0363431952209367,0.0,0.5854070654166666,0.0199459698138555
2025-04-25 06:00:00+00:00,0.03343917774791718,0.0,0.5834543891666667,0.0182556079609809
2025-04-25 12:00:00+00:00,0.03669282332086974,0.0,0.5870877768055556,0.0202755035228073
2025-04-25 18:00:00+00:00,0.0370982158534578,0.0,0.6032783727777777,0.0208850711952021
2025-04-26 00:00:00+00:00,0.03499199528251044,0.0,0.5987619675,0.01958352937385598
2025-04-26 06:00:00+00:00,0.03875608330495002,0.0,0.6051763615277778,0.0219832147962534
2025-04-26 12:00:00+00:00,0.03795586370378838,0.0,0.6408453223611111,0.022603361910670562
2025-04-26 18:00:00+00:00,0.03799224506232834,0.0,0.64803067375,0.022863259460093942
2025-04-27 00:00:00+00:00,0.04239110224167378,0.0,0.6701728679166666,0.02634640739355126
2025-04-27 06:00:00+00:00,0.04306321644273108,0.0,0.6743554451388889,0.02691237827368086
2025-04-27 12:00:00+00:00,0.03669890822146392,0.0,0.6755448841666667,0.02295349772575398
2025-04-27 18:00:00+00:00,0.0437938578036666,0.0,0.6789508651388889,0.02752573757380782
2025-04-28 00:00:00+00:00,0.03890343829954104,0.0,0.6743985269444445,0.02434308303082068
2025-04-28 06:00:00+00:00,0.04234613258441172,0.0,0.6686661159722223,0.026264463780340683
2025-04-28 12:00:00+00:00,0.04424866350504096,0.0,0.6778410011111111,0.0277661930503059
2025-04-28 18:00:00+00:00,0.03980547263612022,0.0,0.6812207386111111,0.02505392668969344
2025-04-29 00:00:00+00:00,0.04024308472130196,0.0,0.6783232086111111,0.02521233857235906
2025-04-29 06:00:00+00:00,0.04234982074218186,0.0,0.6773249248611112,0.0264859628611026
2025-04-29 12:00:00+00:00,0.04213444351016112,0.0,0.6764733395833333,0.02634051024113148
2025-04-29 18:00:00+00:00,0.042032476870710905,0.0,0.6731780554166666,0.026208734681115
2025-04-30 00:00:00+00:00,0.04316812563240252,0.0,0.6719454256944445,0.026798359729506657
2025-04-30 06:00:00+00:00,0.03820235397512166,0.0,0.6736587401388889,0.02395905790866366
2025-04-30 12:00:00+00:00,0.0432960082327605,0.0,0.6797369838888889,0.02737315383751608
2025-04-30 18:00:00+00:00,0.04081336668110226,0.0,0.6761237733333334,0.025479245696664002
2025-05-01 00:00:00+00:00,0.041617693415898244,0.0,0.6724654919444445,0.02585531266097094
2025-05-01 06:00:00+00:00,0.04237363347147654,0.0,0.6719198201388888,0.026336083685607782
2025-05-01 12:00:00+00:00,0.04068161209620498,0.0,0.6755642427777777,0.02601627348221442
2025-05-01 18:00:00+00:00,0.040180289531870764,0.0,0.6925642243055555,0.025665469948316158
2025-05-02 00:00:00+00:00,0.041451576952578596,0.0,0.6954030175,0.02653650794931186
2025-05-02 06:00:00+00:00,0.04021397668205916,0.0,0.6960815265277778,0.02580450710560224
2025-05-02 12:00:00+00:00,0.04294430072163852,0.0,0.6906433963888889,0.027363043359456957
2025-05-02 18:00:00+00:00,0.04015963169316498,0.0,0.6826259120833333,0.0253133340460995
2025-05-03 00:00:00+00:00,0.04120247219504766,0.0,0.6899718008333333,0.026189235670121283
2025-05-03 06:00:00+00:00,0.04147431762955614,0.0,0.69034935375,0.026373317462521202
2025-05-03 12:00:00+00:00,0.03689617096642146,0.0,0.6899963352777778,0.02345578854795978
2025-05-03 18:00:00+00:00,0.04872137031887274,0.0,0.6921447358333332,0.031447086932466964
2025-05-04 00:00:00+00:00,0.036816494432735575,0.0,0.6914609166666668,0.023451353847230398
2025-05-04 06:00:00+00:00,0.04018626941738346,0.0,0.6898184779166666,0.02558139077518992
2025-05-04 12:00:00+00:00,0.042247012616838185,0.0,0.6899297333333334,0.02689895000780898
2025-05-04 18:00:00+00:00,0.04594254977683608,0.0,0.7187256945833334,0.03031854256035786
2025-05-05 00:00:00+00:00,0.04187975253793902,0.0,0.7042430063888889,0.0271143080719248
2025-05-05 06:00:00+00:00,0.045790604599027375,0.0,0.6985156190277778,0.02943793150143822
2025-05-05 12:00:00+00:00,0.0438141376141164,0.0,0.7013015905555555,0.028267249310508717
2025-05-05 18:00:00+00:00,0.04097100860948088,0.0,0.6979302259722222,0.02632166372062116
2025-05-06 00:00:00+00:00,0.04052578291791828,0.0,0.7016761788888889,0.02617528481005068
2025-05-06 06:00:00+00:00,0.04386224937370326,0.0,0.7227152456944445,0.029097637719303477
2025-05-06 12:00:00+00:00,0.04795719166301022,0.0,0.7294399655555556,0.03208977889700064
2025-05-06 18:00:00+00:00,0.04678518934403148,0.0,0.7321845834722223,0.03139613950539426
2025-05-07 00:00:00+00:00,0.044510814839331246,0.0,0.7347722222222222,0.03006741133822116
2025-05-07 06:00:00+00:00,0.04295384440378722,0.0,0.7380441156944444,0.029091326143267378
2025-05-07 12:00:00+00:00,0.04162324768386804,0.0,0.7422562629166667,0.0282769305845583
2025-05-07 18:00:00+00:00,0.04176535222946082,0.0,0.7416210565277779,0.0283936980906231
2025-05-08 00:00:00+00:00,0.043438916734256164,0.0,0.7402476769444444,0.02971885802298942
2025-05-08 06:00:00+00:00,0.04405545656835654,0.0,0.7352939766666666,0.03012145004472666
2025-05-08 12:00:00+00:00,0.040273950379230664,0.0,0.7436439756944444,0.02750382869116782
2025-05-08 18:00:00+00:00,0.04246789465746576,0.0,0.7510122672222223,0.02949817251294432
2025-05-09 00:00:00+00:00,0.04349444907848568,0.0,0.7481010984722222,0.02986751005337616
2025-05-09 06:00:00+00:00,0.045976007146775764,0.0,0.7579178508333333,0.032544793659638166
2025-05-09 12:00:00+00:00,0.0446174209135968,0.0,0.7835872813888889,0.03221938626798924
2025-05-09 18:00:00+00:00,0.041543980056662884,0.0,0.7760571825,0.0294339342507648
2025-05-10 00:00:00+00:00,0.04108479972809436,0.0,0.7646195523611111,0.02867807667077484
2025-05-10 06:00:00+00:00,0.04062060578213394,0.0,0.76492638125,0.02837419017627198
2025-05-10 12:00:00+00:00,0.04155243024606594,0.0,0.7708225152777778,0.029428605711096963
2025-05-10 18:00:00+00:00,0.04128542434366812,0.0,0.7714670044444445,0.029120529720051302
2025-05-11 00:00:00+00:00,0.04383453283186782,0.0,0.7697544793055555,0.03080911088444274
2025-05-11 06:00:00+00:00,0.044105843859015365,0.0,0.7685632676388888,0.031013078327597216
2025-05-11 12:00:00+00:00,0.039404648412202016,0.0,0.7672184247222222,0.027587999385970858
2025-05-11 18:00:00+00:00,0.04234073364038298,0.0,0.7759588240277778,0.030021044816168338
2025-05-12 00:00:00+00:00,0.04574248810780536,0.0,0.7766197881944444,0.03241055796855288
2025-05-12 06:00:00+00:00,0.0422341171023237,0.0,0.7818464329166667,0.03010911482143278
2025-05-12 12:00:00+00:00,0.04114909234750176,0.0,0.7841688818055556,0.0296092281603957
2025-05-12 18:00:00+00:00,0.04482670097414238,0.0,0.8053597190277778,0.032824517935671725
2025-05-13 00:00:00+00:00,0.04531618513539408,0.0,0.8059543309722222,0.03319435296506208
2025-05-13 06:00:00+00:00,0.04194705776498874,0.0,0.8069540575,0.03076527322698102
2025-05-13 12:00:00+00:00,0.0480287514235014,0.0,0.8166267076388889,0.035690612398293485
2025-05-13 18:00:00+00:00,0.04882001429128656,0.0,0.8228103445833334,0.03648538682705802
2025-05-14 00:00:00+00:00,0.048043791344677435,0.0,0.8238637736111111,0.0359149065317298
2025-05-14 06:00:00+00:00,0.044732765939965086,0.0,0.8216835815277778,0.0334092583796985
2025-05-14 12:00:00+00:00,0.04493609030122218,0.0,0.8202759590277778,0.03376843856763972
2025-05-14 18:00:00+00:00,0.04419799241424438,0.0,0.8210720706944444,0.032936523752378696
2025-05-15 00:00:00+00:00,0.04719589623216984,0.0,0.8138582720833333,0.03488974590614556
2025-05-15 06:00:00+00:00,0.0441833068324053,0.0,0.8114409834722223,0.03265138623494082
2025-05-15 12:00:00+00:00,0.04192587586602378,0.0,0.8290430115277778,0.03163502437606644
2025-05-15 18:00:00+00:00,0.04572326326825086,0.0,0.8240628225,0.034302580066074964
2025-05-16 00:00:00+00:00,0.04499765102303064,0.0,0.8224655475,0.03357794344221588
2025-05-16 06:00:00+00:00,0.04910158353776076,0.0,0.832770433611111,0.037095628108242
2025-05-16 12:00:00+00:00,0.045057980066781425,0.0,0.8332666590277777,0.03407443226659086
2025-05-16 18:00:00+00:00,0.04179688367006916,0.0,0.8362430937499999,0.03171581980627458
2025-05-17 00:00:00+00:00,0.045852466253269136,0.0,0.83905322625,0.03494361724713954
2025-05-17 06:00:00+00:00,0.044552953340113256,0.0,0.8472621493055557,0.03417226834511388
2025-05-17 12:00:00+00:00,0.0485374918834824,0.0,0.8452037747222222,0.037167777950352955
2025-05-17 18:00:00+00:00,0.04571966868085872,0.0,0.8419258826388889,0.03485992670654274
2025-05-18 00:00:00+00:00,0.04559004002114292,0.0,0.8406830620833333,0.03474930942563604
2025-05-18 06:00:00+00:00,0.04558049755271412,0.0,0.8410682233333333,0.03472515021193434
2025-05-18 12:00:00+00:00,0.050423642338637636,0.0,0.8417401361111111,0.03862490024487396
2025-05-18 18:00:00+00:00,0.04750670360003244,0.0,0.8432160072222222,0.03660220730409384
2025-05-19 00:00:00+00:00,0.05042200062883344,0.0,0.8424858666666667,0.038471426734108555
2025-05-19 06:00:00+00:00,0.048466249566452096,0.0,0.8395232558333334,0.0369443351044179
2025-05-19 12:00:00+00:00,0.04770034267992102,0.0,0.8411092408333334,0.036439043657001485
2025-05-19 18:00:00+00:00,0.0493781382776724,0.0,0.85308862,0.038120288021476795
2025-05-20 00:00:00+00:00,0.04566831140151,0.0,0.8530187288888889,0.03568753893411648
2025-05-20 06:00:00+00:00,0.04664712215906724,0.0,0.8459565766666667,0.03572753929509276
2025-05-20 12:00:00+00:00,0.04663886722378764,0.0,0.8446143677777778,0.035667161320903445
2025-05-20 18:00:00+00:00,0.04973273560479672,0.0,0.8508330541666667,0.038326521248600164
2025-05-21 00:00:00+00:00,0.045178917860202596,0.0,0.8464802822222223,0.035263029269410745
2025-05-21 06:00:00+00:00,0.04559116024314078,0.0,0.8379254906944444,0.03485886069890154
2025-05-21 12:00:00+00:00,0.047777564124763444,0.0,0.8366937208333334,0.036836982774061194
2025-05-21 18:00:00+00:00,0.048175789556037116,0.0,0.8392437219444444,0.0368237919649662
2025-05-22 00:00:00+00:00,0.05004930824775984,0.0,0.8371827088888888,0.03823422568949412
2025-05-22 06:00:00+00:00,0.0496868895895047,0.0,0.8410819097222223,0.03833749658959386
2025-05-22 12:00:00+00:00,0.044823608203240745,0.0,0.8161067002777778,0.033290102065643944
2025-05-22 18:00:00+00:00,0.04184141266324002,0.0,0.8120658627777778,0.030861004949676363
2025-05-23 00:00:00+00:00,0.04380333630642648,0.0,0.8114899356944444,0.0323370004038414
2025-05-23 06:00:00+00:00,0.043193863378381075,0.0,0.825325515,0.032372664021942964
2025-05-23 12:00:00+00:00,0.047790745395409805,0.0,0.8312276901388889,0.03604392372878136
2025-05-23 18:00:00+00:00,0.04973735769794376,0.0,0.8422145045833334,0.03798902210928132
2025-05-24 00:00:00+00:00,0.04262940115985292,0.0,0.8470311484722222,0.032720819410438556
2025-05-24 06:00:00+00:00,0.04846245674509548,0.0,0.84844675,0.037234949536436995
2025-05-24 12:00:00+00:00,0.04287144244199454,0.0,0.8507032218055556,0.03301243935597852
2025-05-24 18:00:00+00:00,0.04814656655185956,0.0,0.8514994426388889,0.037137614864716804
2025-05-25 00:00:00+00:00,0.04543908793205652,0.0,0.85151546,0.03501895916663508
2025-05-25 06:00:00+00:00,0.04524448736435286,0.0,0.8513569191666667,0.034894932505628105
2025-05-25 12:00:00+00:00,0.04844658367529904,0.0,0.8610592066666667,0.03775861641254394
2025-05-25 18:00:00+00:00,0.04916332355408082,0.0,0.87430205,0.038819474808495714
2025-05-26 00:00:00+00:00,0.04569935105731266,0.0,0.8606129356944444,0.03565438798636632
2025-05-26 06:00:00+00:00,0.04721662695224916,0.0,0.8441643869444444,0.036123594043441024
2025-05-26 12:00:00+00:00,0.04418862274620192,0.0,0.8414582143055556,0.03368817147141444
2025-05-26 18:00:00+00:00,0.04774754970084744,0.0,0.8424185276388889,0.0364106670766593
2025-05-27 00:00:00+00:00,0.04557232650008472,0.0,0.8394297233333333,0.034700448788620025
2025-05-27 06:00:00+00:00,0.04361030880197838,0.0,0.83561203,0.033060304159387564
2025-05-27 12:00:00+00:00,0.0469807492584354,0.0,0.8348708147222221,0.03557977697480244
2025-05-27 18:00:00+00:00,0.0419235839768169,0.0,0.8384903520833333,0.03181363359040926
2025-05-28 00:00:00+00:00,0.04522307251301616,0.0,0.8409628401388889,0.034471060632169565
2025-05-28 06:00:00+00:00,0.04515952755137436,0.0,0.8403908718055555,0.03435347659732428
2025-05-28 12:00:00+00:00,0.04359767134221132,0.0,0.8451784545833333,0.033492914935415403
2025-05-28 18:00:00+00:00,0.0486794240707491,0.0,0.8447430823611111,0.03726309659183628
2025-05-29 00:00:00+00:00,0.04356228352285914,0.0,0.8388982976388889,0.03321752369184906
2025-05-29 06:00:00+00:00,0.04583686616706468,0.0,0.8423681469444444,0.03508046105185536
2025-05-29 12:00:00+00:00,0.04943994313788204,0.0,0.8478558622222222,0.03804076627039902
2025-05-29 18:00:00+00:00,0.047007024448888796,0.0,0.8504469831944445,0.03619799157409836
2025-05-30 00:00:00+00:00,0.0469661947252809,0.0,0.8441997648611111,0.03593622801033162
2025-05-30 06:00:00+00:00,0.0461259909007011,0.0,0.8400904945833333,0.03512734410280116
2025-05-30 12:00:00+00:00,0.04425304159280742,0.0,0.8614608943055555,0.034490533385295424
2025-05-30 18:00:00+00:00,0.04849684647113736,0.0,0.8374856215277778,0.036864529929146524
2025-05-31 00:00:00+00:00,0.0461408475251493,0.0,0.8298599877777778,0.0347442632172861
2025-05-31 06:00:00+00:00,0.050136662996510165,0.0,0.8310425731944444,0.037801678046063575
2025-05-31 12:00:00+00:00,0.04691177161864434,0.0,0.8428422380555555,0.035937905561360464
2025-05-31 18:00:00+00:00,0.041178198385176536,0.0,0.8456608918055556,0.03155483673918192
2025-06-01 00:00:00+00:00,0.04871082548166234,0.0,0.8418722984722222,0.03716381199740316
2025-06-01 06:00:00+00:00,0.049303177041045726,0.0,0.8425224013888889,0.03761909704500516
2025-06-01 12:00:00+00:00,0.04492200838391286,0.0,0.8423915519444445,0.034340323803773526
2025-06-01 18:00:00+00:00,0.0489544070816145,0.0,0.8402568186111111,0.03736089082069008
2025-06-02 00:00:00+00:00,0.046162134702771,0.0,0.8413708049999999,0.03519710111536404
2025-06-02 06:00:00+00:00,0.0479017567628307,0.0,0.8415140093055555,0.03659174696469588
2025-06-02 12:00:00+00:00,0.04557937923998016,0.0,0.8463987570833333,0.034928589373022095
2025-06-02 18:00:00+00:00,0.04590003127734558,0.0,0.8452345972222222,0.035158254556387075
2025-06-03 00:00:00+00:00,0.04243998631798386,0.0,0.8496805029166666,0.03270613763523996
2025-06-03 06:00:00+00:00,0.04410298620313674,0.0,0.8514064605555556,0.03404422691662212
2025-06-03 12:00:00+00:00,0.05306372256949176,0.0,0.8478871491666666,0.04081010738547828
2025-06-03 18:00:00+00:00,0.05036604813782556,0.0,0.8457246655555556,0.03857799506190204
2025-06-04 00:00:00+00:00,0.04353171173064984,0.0,0.8508769040277778,0.03353199087934608
2025-06-04 06:00:00+00:00,0.04594544324931498,0.0,0.8586526391666667,0.03567605837045082
2025-06-04 12:00:00+00:00,0.04652136199166856,0.0,0.8677654388888889,0.03649932227703156
2025-06-04 18:00:00+00:00,0.0491976502179558,0.0,0.8804010075,0.039104979444371704
2025-06-05 00:00:00+00:00,0.0501849051927642,0.0,0.8748820625,0.03965269999381422
2025-06-05 06:00:00+00:00,0.0498220690770069,0.0,0.8822359208333332,0.03969747012779748
2025-06-05 12:00:00+00:00,0.052743171298875,0.0,0.8920579384722223,0.04243158207098772
2025-06-05 18:00:00+00:00,0.05123584445605956,0.0,0.8988589918055556,0.041900118041021464
2025-06-06 00:00:00+00:00,0.04746095531968374,0.0,0.9003548715277778,0.0385130329105131
2025-06-06 06:00:00+00:00,0.052900686626231284,0.0,0.8979797802777778,0.042815445421953174
2025-06-06 12:00:00+00:00,0.05485142545360566,0.0,0.905330285,0.044737749832132204
2025-06-06 18:00:00+00:00,0.04853867144734086,0.0,0.9089105445833332,0.039689337544489084
2025-06-07 00:00:00+00:00,0.048412222805529356,0.0,0.9075120256944444,0.0395721416235243
2025-06-07 06:00:00+00:00,0.04703606605488018,0.0,0.8986644077777777,0.03809634146674836
2025-06-07 12:00:00+00:00,0.048690027098642216,0.0,0.8947304077777777,0.03927012854568744
2025-06-07 18:00:00+00:00,0.05006458427216136,0.0,0.8919346684722222,0.04025309392138758
2025-06-08 00:00:00+00:00,0.05425976033612238,0.0,0.8853967584722222,0.04338505921241622
2025-06-08 06:00:00+00:00,0.0522276204712173,0.0,0.8851942215277778,0.04171851255609468
2025-06-08 12:00:00+00:00,0.050651938372967095,0.0,0.8844943748611112,0.040433698935347345
2025-06-08 18:00:00+00:00,0.0534812721235188,0.0,0.8830662130555555,0.04269746680508868
2025-06-09 00:00:00+00:00,0.0517427737085934,0.0,0.8828701180555556,0.04122324851945046
2025-06-09 06:00:00+00:00,0.055946248045371724,0.0,0.8842494880555556,0.04467951294316284
2025-06-09 12:00:00+00:00,0.049735999691856,0.0,0.9047798722222223,0.04057507214755716
2025-06-09 18:00:00+00:00,0.0561165156487332,0.0,0.9205902872222222,0.0465327120881034
2025-06-10 00:00:00+00:00,0.057567231301784046,0.0,0.9212774022222222,0.047791988069772834
2025-06-10 06:00:00+00:00,0.0558134927907255,0.0,0.9217352377777779,0.046288520461465615
2025-06-10 12:00:00+00:00,0.058797562968523086,0.0,0.9153796405555555,0.04846199663792148
2025-06-10 18:00:00+00:00,0.051739347791514775,0.0,0.8746798062500001,0.0410390457864336
2025-06-11 00:00:00+00:00,0.04756969813107756,0.0,0.8514858775,0.0367837516440936
2025-06-11 06:00:00+00:00,0.04699134500443836,0.0,0.8572207634722222,0.03645430543237386
2025-06-11 12:00:00+00:00,0.04965830866754208,0.0,0.8682782319444445,0.03899189311407672
2025-06-11 18:00:00+00:00,0.046781422374043674,0.0,0.8825615222222223,0.037337785330389596
2025-06-12 00:00:00+00:00,0.049410154012642565,0.0,0.8886445930555555,0.03965454247648494
2025-06-12 06:00:00+00:00,0.0507591393561687,0.0,0.9015346009722222,0.041346521722003794
2025-06-12 12:00:00+00:00,0.04986952973684796,0.0,0.9056489205555555,0.04067618542993422
2025-06-12 18:00:00+00:00,0.04915681055660094,0.0,0.9115253490277778,0.0404055282596286
2025-06-13 00:00:00+00:00,0.06830660872154735,0.0,0.9219122805555556,0.05671725987655644
2025-06-13 06:00:00+00:00,0.053676344593232755,0.0,0.9177770104166666,0.04443523839899472
2025-06-13 12:00:00+00:00,0.051402785422124876,0.0,0.9130997816666666,0.042257997010446545
2025-06-13 18:00:00+00:00,0.05598456563816975,0.0,0.9200567322222223,0.04634034595754958
2025-06-14 00:00:00+00:00,0.0549028551312402,0.0,0.9190617476388889,0.0455011078679745
2025-06-14 06:00:00+00:00,0.051679751359879206,0.0,0.9167751522222223,0.04264149483997884
2025-06-14 12:00:00+00:00,0.05616086382739668,0.0,0.9167544930555555,0.04639189145723232
2025-06-14 18:00:00+00:00,0.06218770870068582,0.0,0.9223144991666666,0.05161582598220252
2025-06-15 00:00:00+00:00,0.05291381107377984,0.0,0.9221265188888889,0.04388752496178306
2025-06-15 06:00:00+00:00,0.060027397656446574,0.0,0.9220309530555555,0.04978090379165202
2025-06-15 12:00:00+00:00,0.05072068664671728,0.0,0.9183734377777779,0.04192493534734482
2025-06-15 18:00:00+00:00,0.044558364787736754,0.0,0.9197565538888889,0.03689342200736472
2025-06-16 00:00:00+00:00,0.052416388105176424,0.0,0.9209846091666667,0.0434574762904116
2025-06-16 06:00:00+00:00,0.05231681579849904,0.0,0.9203165020833334,0.04337222267617416
2025-06-16 12:00:00+00:00,0.05155607108218446,0.0,0.917331867638889,0.042966173202177355
2025-06-16 18:00:00+00:00,0.04526096882042856,0.0,0.8053340281944444,0.03368657543069202
2025-06-17 00:00:00+00:00,0.03606805014195516,0.0,0.7283692529166667,0.02405866658863056
2025-06-17 06:00:00+00:00,0.04197874136993754,0.0,0.7416805522222222,0.028488390418566004
2025-06-17 12:00:00+00:00,0.043227461042046535,0.0,0.7569547877777778,0.029874442085937838
2025-06-17 18:00:00+00:00,0.04274548951276248,0.0,0.7673165030555555,0.030031133325811858
2025-06-18 00:00:00+00:00,0.03980044843095432,0.0,0.7650168068055555,0.02776396514447628
2025-06-18 06:00:00+00:00,0.03934453196955594,0.0,0.7700374155555555,0.02761370475567708
2025-06-18 12:00:00+00:00,0.04382768253097776,0.0,0.7750235172222222,0.030994246568427117
2025-06-18 18:00:00+00:00,0.04314056388868038,0.0,0.7776352654166667,0.030633350258633937
2025-06-19 00:00:00+00:00,0.04358551077593322,0.0,0.7776293597222222,0.0308933162780613
2025-06-19 06:00:00+00:00,0.0428898000401343,0.0,0.7800567755555555,0.03052770866414832
2025-06-19 12:00:00+00:00,0.042485256808402136,0.0,0.7797439231944444,0.030424455264938637
2025-06-19 18:00:00+00:00,0.04703878949581164,0.0,0.7812420033333334,0.03351342823517238
2025-06-20 00:00:00+00:00,0.03929905786984008,0.0,0.7811461855555556,0.02797625077939596
2025-06-20 06:00:00+00:00,0.04718588305710282,0.0,0.78630448125,0.0337500811271055
2025-06-20 12:00:00+00:00,0.04538444612502948,0.0,0.7914685975000001,0.03266963826147192
2025-06-20 18:00:00+00:00,0.04479947618867766,0.0,0.8143549208333334,0.033228304467001264
2025-06-21 00:00:00+00:00,0.04346314739765832,0.0,0.817800348888889,0.03226754770166418
2025-06-21 06:00:00+00:00,0.048226977009746576,0.0,0.8170851830555556,0.03578676007647948
2025-06-21 12:00:00+00:00,0.04520573636020926,0.0,0.8160538529166667,0.03350653310549478
2025-06-21 18:00:00+00:00,0.04510306634152158,0.0,0.8169285152777778,0.03355219185085146
2025-06-22 00:00:00+00:00,0.04429636077780372,0.0,0.8193928241666666,0.03294382122822558
2025-06-22 06:00:00+00:00,0.04555715502530208,0.0,0.8169207463888889,0.03374905014453726
2025-06-22 12:00:00+00:00,0.04612938294922824,0.0,0.8127736297222222,0.03404085895491072
2025-06-22 18:00:00+00:00,0.045479381069779085,0.0,0.8128136716666667,0.03356305684361874
2025-06-23 00:00:00+00:00,0.0437300876854311,0.0,0.8184051008333334,0.03253729703146782
2025-06-23 06:00:00+00:00,0.04186929457428372,0.0,0.8221813034722223,0.03122679884621574
2025-06-23 12:00:00+00:00,0.04415879948964162,0.0,0.8238779477777778,0.0330331768352169
2025-06-23 18:00:00+00:00,0.04847590915455666,0.0,0.8324297401388888,0.03732617803028514
2025-06-24 00:00:00+00:00,0.04904813593996752,0.0,0.83400395,0.03724699932615534
2025-06-24 06:00:00+00:00,0.046065860390576883,0.0,0.8331472155555555,0.03484439709879564
2025-06-24 12:00:00+00:00,0.0421312580386137,0.0,0.8223555056944445,0.031433455975428716
2025-06-24 18:00:00+00:00,0.049292684702138635,0.0,0.8306442238888888,0.037181513770053055
2025-06-25 00:00:00+00:00,0.04480299279869766,0.0,0.8268353356944445,0.03367262546824548
2025-06-25 06:00:00+00:00,0.0461643762491295,0.0,0.8288520633333333,0.03468931170602166
2025-06-25 12:00:00+00:00,0.04277637726291186,0.0,0.8258186840277778,0.032052335716071544
2025-06-25 18:00:00+00:00,0.047318218780627856,0.0,0.8252519520833332,0.0354066760129641
2025-06-26 00:00:00+00:00,0.04409659925237706,0.0,0.8219533773611112,0.03288016884017214
2025-06-26 06:00:00+00:00,0.048517071523852075,0.0,0.8187410879166667,0.036077682896388304
2025-06-26 12:00:00+00:00,0.04502273967845262,0.0,0.8203392283333333,0.03353624638376346
2025-06-26 18:00:00+00:00,0.04626368596600746,0.0,0.8265596144444445,0.03471904306451862
2025-06-27 00:00:00+00:00,0.04711281381157458,0.0,0.8265344505555556,0.03538001594347482
2025-06-27 06:00:00+00:00,0.04525169573306802,0.0,0.8300412540277777,0.03405066017702544
2025-06-27 12:00:00+00:00,0.04690346947835274,0.0,0.8288749761111112,0.03531724812498774
2025-06-27 18:00:00+00:00,0.049052232703373694,0.0,0.8382566809722223,0.0372927035924184
2025-06-28 00:00:00+00:00,0.04538669571307674,0.0,0.84417731,0.034681634771791855
2025-06-28 06:00:00+00:00,0.041645650730008504,0.0,0.8435500258333334,0.032205454187046
2025-06-28 12:00:00+00:00,0.04192890589717908,0.0,0.842059941388889,0.031988419125888116
2025-06-28 18:00:00+00:00,0.0451966702356933,0.0,0.8406677331944444,0.034415674379060096
2025-06-29 00:00:00+00:00,0.0450014660467518,0.0,0.8405996148611111,0.0343011371548041
2025-06-29 06:00:00+00:00,0.04917180500678946,0.0,0.8327319998611111,0.0371624641699098
2025-06-29 12:00:00+00:00,0.042648840531207356,0.0,0.8345267086111111,0.03226823949785148
2025-06-29 18:00:00+00:00,0.041593837112834944,0.0,0.8391612438888889,0.031879794484927684
2025-06-30 00:00:00+00:00,0.04496473536248568,0.0,0.8100496605555556,0.03307298906325768
2025-06-30 06:00:00+00:00,0.04202646457224774,0.0,0.8107917156944445,0.030964218725404377
2025-06-30 12:00:00+00:00,0.04640322483655182,0.0,0.8131863912499999,0.03431445694259568
2025-06-30 18:00:00+00:00,0.0436781795259006,0.0,0.8258494791666666,0.0327153378565701
2025-07-01 00:00:00+00:00,0.0462823160701221,0.0,0.8261286783333334,0.03508984054385238
2025-07-01 06:00:00+00:00,0.0492271863964827,0.0,0.8294425916666667,0.03703848270961368
2025-07-01 12:00:00+00:00,0.04692763437760104,0.0,0.831260721388889,0.03543051748349904
2025-07-01 18:00:00+00:00,0.0462236063746374,0.0,0.8483515047222222,0.035528937026942285
2025-07-02 00:00:00+00:00,0.044413297705667404,0.0,0.8502001443055556,0.03418077006926844
2025-07-02 06:00:00+00:00,0.047239766703803164,0.0,0.8510023572222223,0.03648144967045764
2025-07-02 12:00:00+00:00,0.04873829835434352,0.0,0.8551073184722222,0.03774736083145458
2025-07-02 18:00:00+00:00,0.04928296629641568,0.0,0.8476266127777777,0.037832197108508464
2025-07-03 00:00:00+00:00,0.04873008569777604,0.0,0.8492502004166667,0.037540212839693096
2025-07-03 06:00:00+00:00,0.04785387153774612,0.0,0.8531438843055555,0.03696917213062692
2025-07-03 12:00:00+00:00,0.05212838045288952,0.0,0.8552551376388888,0.040327455816518226
2025-07-03 18:00:00+00:00,0.04771609382055642,0.0,0.8513102056944445,0.03677244575262918
2025-07-04 00:00:00+00:00,0.0412730816384013,0.0,0.8516675512499999,0.03183399413390382
2025-07-04 06:00:00+00:00,0.043643365476540116,0.0,0.8520813375,0.03365244994391376
2025-07-04 12:00:00+00:00,0.04970528172779448,0.0,0.8521148427777778,0.03833070440569302
2025-07-04 18:00:00+00:00,0.04508471404382568,0.0,0.8550880695833334,0.0348785386663935
2025-07-05 00:00:00+00:00,0.04207808383763916,0.0,0.8550667426388889,0.03258316712725962
2025-07-05 06:00:00+00:00,0.04808956165653564,0.0,0.8542595297222222,0.03716999043238488
2025-07-05 12:00:00+00:00,0.04504134449560962,0.0,0.8526910654166666,0.034750553546292605
2025-07-05 18:00:00+00:00,0.04456406646196104,0.0,0.8503898602777777,0.03430063868481756
2025-07-06 00:00:00+00:00,0.04503327962168316,0.0,0.8510087670833334,0.0346896424114743
2025-07-06 06:00:00+00:00,0.04771909764899682,0.0,0.8544832241666667,0.03689133436421544
2025-07-06 12:00:00+00:00,0.04917074467113,0.0,0.8534960943055556,0.0379777476249573
2025-07-06 18:00:00+00:00,0.0481774412731821,0.0,0.8523557645833333,0.03715606337310288
2025-07-07 00:00:00+00:00,0.04520675361802998,0.0,0.8534765706944445,0.03493662662540712
2025-07-07 06:00:00+00:00,0.04547845284597036,0.0,0.8570409906944445,0.03525419901281352
2025-07-07 12:00:00+00:00,0.04296376238518692,0.0,0.8585962447222222,0.03336629603388912
2025-07-07 18:00:00+00:00,0.0514836670219389,0.0,0.8591630984722223,0.04001021151600336
2025-07-08 00:00:00+00:00,0.040590460201636445,0.0,0.8581172698611111,0.03151056675311064
2025-07-08 06:00:00+00:00,0.04791653527051764,0.0,0.8638216983333333,0.03741901256985318
2025-07-08 12:00:00+00:00,0.04361623924210032,0.0,0.8678281580555556,0.03421004058200076
2025-07-08 18:00:00+00:00,0.04746389634051408,0.0,0.8446617295833333,0.03631028572488696
2025-07-09 00:00:00+00:00,0.0474169755859545,0.0,0.8407703994444444,0.03611105516326962
2025-07-09 06:00:00+00:00,0.0469674989421348,0.0,0.8399138530555555,0.0357271837830108
2025-07-09 12:00:00+00:00,0.045795769947643436,0.0,0.8289264827777778,0.03441607082452404
2025-07-09 18:00:00+00:00,0.04513755851312232,0.0,0.7955011105555555,0.03264708130563108
2025-07-10 00:00:00+00:00,0.04560561169816368,0.0,0.7909817302777777,0.032799493560472744
2025-07-10 06:00:00+00:00,0.045646796481649196,0.0,0.794106293888889,0.0329465938601136
2025-07-10 12:00:00+00:00,0.04378307069441244,0.0,0.7915412198611111,0.03153845853151032
2025-07-10 18:00:00+00:00,0.04633459776911814,0.0,0.80212814375,0.03377837623543998
2025-07-11 00:00:00+00:00,0.04689635623092102,0.0,0.8135265218055555,0.034629844022326745
2025-07-11 06:00:00+00:00,0.04590854408614134,0.0,0.8207602780555556,0.03416719857721698
2025-07-11 12:00:00+00:00,0.04857386682481428,0.0,0.8123059561111111,0.0358020930708621
2025-07-11 18:00:00+00:00,0.044509380926222884,0.0,0.8050883918055556,0.032548513825537265
2025-07-12 00:00:00+00:00,0.039156044775100735,0.0,0.8043872883333333,0.028617874676146682
2025-07-12 06:00:00+00:00,0.04453891312901064,0.0,0.8078377398611111,0.03266360476207866
2025-07-12 12:00:00+00:00,0.04481639767416504,0.0,0.8067106293055555,0.03282272747356458
2025-07-12 18:00:00+00:00,0.0456156899821935,0.0,0.8057605816666666,0.03337097050297104
2025-07-13 00:00:00+00:00,0.04151497858836954,0.0,0.8058459998611112,0.030368297390308316
2025-07-13 06:00:00+00:00,0.04372913503620636,0.0,0.8092247174999999,0.03211521294674838
2025-07-13 12:00:00+00:00,0.04752183897302424,0.0,0.8113041680555555,0.034988789450914076
2025-07-13 18:00:00+00:00,0.04004754604545672,0.0,0.8140961473611111,0.0295823998593156
2025-07-14 00:00:00+00:00,0.0482924258386203,0.0,0.8156088570833333,0.035732926475304364
2025-07-14 06:00:00+00:00,0.04406768849170248,0.0,0.8229274301388889,0.03288352059248028
2025-07-14 12:00:00+00:00,0.04525712241274596,0.0,0.8213016416666666,0.033688593448025404
2025-07-14 18:00:00+00:00,0.04322952689690772,0.0,0.8042246316666666,0.031601847667232404
2025-07-15 00:00:00+00:00,0.04366039351753308,0.0,0.7965471531944445,0.03160027423768182
2025-07-15 06:00:00+00:00,0.04423786464903414,0.0,0.7994462663888888,0.03211192254935322
2025-07-15 12:00:00+00:00,0.046279287859452484,0.0,0.8059044798611111,0.03384851446036992
2025-07-15 18:00:00+00:00,0.043555512421234205,0.0,0.8050304670833334,0.031826354352761224
2025-07-16 00:00:00+00:00,0.04418049974604444,0.0,0.8073595422222222,0.03238591096789488
2025-07-16 06:00:00+00:00,0.043919023855728295,0.0,0.8110903741666666,0.032315276807141274
2025-07-16 12:00:00+00:00,0.04728877060948914,0.0,0.8142011209722222,0.03491240527990746
2025-07-16 18:00:00+00:00,0.04873455270494304,0.0,0.8250371675,0.036445491331524894
2025-07-17 00:00:00+00:00,0.043719696136359655,0.0,0.8320689434722222,0.03292582501146852
2025-07-17 06:00:00+00:00,0.04615794101255778,0.0,0.8412531175,0.03514053679558086
2025-07-17 12:00:00+00:00,0.043272497728870735,0.0,0.8508751151388889,0.03329248224224802
2025-07-17 18:00:00+00:00,0.04435349906522172,0.0,0.8608840055555556,0.034492110390327596
2025-07-18 00:00:00+00:00,0.04877771951049708,0.0,0.8626191533333334,0.03801667946960796
2025-07-18 06:00:00+00:00,0.04749785465040552,0.0,0.8083766961111112,0.03479309360526
2025-07-18 12:00:00+00:00,0.04482502896389676,0.0,0.8227301027777778,0.033405919488568324
2025-07-18 18:00:00+00:00,0.0501847527479592,0.0,0.8485777125,0.03850500117166332
2025-07-19 00:00:00+00:00,0.04369191991671324,0.0,0.8523566283333334,0.033657113501846275
2025-07-19 06:00:00+00:00,0.05004988311428892,0.0,0.8561759588888889,0.03871625623527924
2025-07-19 12:00:00+00:00,0.049166977180912085,0.0,0.8578276525,0.038100090102511676
2025-07-19 18:00:00+00:00,0.04427234399238138,0.0,0.8536841819444444,0.0341509743867441
2025-07-20 00:00:00+00:00,0.043300573120383185,0.0,0.8514555663888889,0.033327496419826616
2025-07-20 06:00:00+00:00,0.045231109219605,0.0,0.8015197763888888,0.03286151152276272
2025-07-20 12:00:00+00:00,0.04506076307926944,0.0,0.7980371216666666,0.03260674191130668
2025-07-20 18:00:00+00:00,0.04396454669714412,0.0,0.7942777775000001,0.0316716913070586
2025-07-21 00:00:00+00:00,0.044725920954126176,0.0,0.7985247643055556,0.032370593075318636
2025-07-21 06:00:00+00:00,0.04727661191094378,0.0,0.8329291579166667,0.03562707930093726
2025-07-21 12:00:00+00:00,0.047803191906597785,0.0,0.8340507772222222,0.036071219887309686
2025-07-21 18:00:00+00:00,0.04542525331532004,0.0,0.8323092779166666,0.03420955433053668
2025-07-22 00:00:00+00:00,0.04777784392518156,0.0,0.8301432191666667,0.03589059353999052
2025-07-22 06:00:00+00:00,0.04313582696594496,0.0,0.8313603511111112,0.03246034636132644
2025-07-22 12:00:00+00:00,0.050863886167558686,0.0,0.8323086747222223,0.038321117813972044
2025-07-22 18:00:00+00:00,0.04730049205722036,0.0,0.8386711734722222,0.035874074118420834
2025-07-23 00:00:00+00:00,0.0434073413696544,0.0,0.8437037340277778,0.0331184890889031
2025-07-23 06:00:00+00:00,0.04826043077266428,0.0,0.8479436294444445,0.03699433623321768
2025-07-23 12:00:00+00:00,0.04973329093517676,0.0,0.8507740084722222,0.03824704266956616
2025-07-23 18:00:00+00:00,0.0469483862059647,0.0,0.8515711845833334,0.03614064041729628
2025-07-24 00:00:00+00:00,0.04530217071412566,0.0,0.8463292815277778,0.03466505994468948
2025-07-24 06:00:00+00:00,0.0432126725929641,0.0,0.8133736559722222,0.03185548999799646
2025-07-24 12:00:00+00:00,0.04703328857056098,0.0,0.8155576266666666,0.03476283281769696
2025-07-24 18:00:00+00:00,0.04927192222402836,0.0,0.8226076972222223,0.036714173307498724
2025-07-25 00:00:00+00:00,0.04675953332579568,0.0,0.8266131622222223,0.03500129305848996
2025-07-25 06:00:00+00:00,0.04817394244995228,0.0,0.824510531388889,0.0359765853972186
2025-07-25 12:00:00+00:00,0.04688432947010826,0.0,0.8279372270833334,0.0351436855956177
2025-07-25 18:00:00+00:00,0.04603791257320014,0.0,0.8340456009722222,0.0347510426734194
2025-07-26 00:00:00+00:00,0.04389456475986474,0.0,0.8364201323611111,0.0332283812219373
2025-07-26 06:00:00+00:00,0.04703597469797022,0.0,0.8367894208333334,0.03560826490974612
2025-07-26 12:00:00+00:00,0.0430484776002672,0.0,0.8382761947222223,0.03265088050232298
2025-07-26 18:00:00+00:00,0.042969739944135596,0.0,0.8397493719444444,0.03265099113739998
2025-07-27 00:00:00+00:00,0.04712580144787404,0.0,0.8382924655555555,0.035744495975286124
2025-07-27 06:00:00+00:00,0.04725928097859756,0.0,0.8405179669444444,0.0359398670240988
2025-07-27 12:00:00+00:00,0.050473461101630396,0.0,0.847475865138889,0.03868936737864054
2025-07-27 18:00:00+00:00,0.04837183709113254,0.0,0.8348222280555555,0.03654054835213926
2025-07-28 00:00:00+00:00,0.0465547980081534,0.0,0.83567793875,0.03519907928627814
2025-07-28 06:00:00+00:00,0.04882525616241834,0.0,0.8373683611111111,0.036988563282903
2025-07-28 12:00:00+00:00,0.04685171780800098,0.0,0.8438610547222223,0.035751181164454984
2025-07-28 18:00:00+00:00,0.04949284088433798,0.0,0.8521163280555555,0.03812071648248504
2025-07-29 00:00:00+00:00,0.04478506984864026,0.0,0.8510522918055555,0.03444435343498842
2025-07-29 06:00:00+00:00,0.04797208139335554,0.0,0.8515790652777777,0.0369211572782904
2025-07-29 12:00:00+00:00,0.04633484524027008,0.0,0.8527842608333334,0.03571220097612372
2025-07-29 18:00:00+00:00,0.04592009021302836,0.0,0.8489824240277778,0.03524519287816164
2025-07-30 00:00:00+00:00,0.0455898593596158,0.0,0.8480960551388889,0.034955681784550025
2025-07-30 06:00:00+00:00,0.04933432036960002,0.0,0.8709333975,0.03878678345229282
2025-07-30 12:00:00+00:00,0.04948880684150688,0.0,0.8727962684722222,0.038989414248539044
2025-07-30 18:00:00+00:00,0.051048789999830285,0.0,0.8691258005555555,0.04004164239902556
2025-07-31 00:00:00+00:00,0.04836738505756494,0.0,0.8607670988888888,0.03760992181842096
2025-07-31 06:00:00+00:00,0.045151121644953905,0.0,0.8610220631944444,0.03512535145834788
2025-07-31 12:00:00+00:00,0.04584823696435626,0.0,0.8750095661111111,0.036217438380927655
2025-07-31 18:00:00+00:00,0.04870957587874812,0.0,0.8783771075,0.038605637299683
2025-08-01 00:00:00+00:00,0.05188009453989762,0.0,0.9072098873611112,0.0424139344794897
2025-08-01 06:00:00+00:00,0.05118607513580766,0.0,0.9040825822222222,0.041694210248905496
2025-08-01 12:00:00+00:00,0.050424459750189596,0.0,0.8994648891666667,0.0408785993594463
2025-08-01 18:00:00+00:00,0.0523961545233753,0.0,0.8947567479166667,0.04227688885270464
2025-08-02 00:00:00+00:00,0.05273635170073812,0.0,0.8815510908333333,0.04194777585151284
2025-08-02 06:00:00+00:00,0.04583793132036936,0.0,0.8653719188888889,0.03584364384914052
2025-08-02 12:00:00+00:00,0.04640199743383404,0.0,0.8631826065277778,0.03618969053752296
2025-08-02 18:00:00+00:00,0.048278575376397244,0.0,0.8614435636111111,0.03757357198423896
2025-08-03 00:00:00+00:00,0.04902777018888948,0.0,0.8563792579166667,0.037954980384230216
2025-08-03 06:00:00+00:00,0.05165362169256498,0.0,0.8661148504166667,0.04041330760947558
2025-08-03 12:00:00+00:00,0.04822844319815514,0.0,0.87591363125,0.03813692032139304
2025-08-03 18:00:00+00:00,0.04915590386048784,0.0,0.8778270058333333,0.03894215059681872
2025-08-04 00:00:00+00:00,0.04727945309050194,0.0,0.8776356298611111,0.03745124107684878
2025-08-04 06:00:00+00:00,0.05019222539212554,0.0,0.88142903125,0.03992311374850626
2025-08-04 12:00:00+00:00,0.053873265052337395,0.0,0.8882678561111111,0.04315918886413476
2025-08-04 18:00:00+00:00,0.05031514952588352,0.0,0.8858740111111111,0.04020753131876976
2025-08-05 00:00:00+00:00,0.053076307139646305,0.0,0.8868069983333333,0.042454939907682364
2025-08-05 06:00:00+00:00,0.04314258344132202,0.0,0.8811581631944444,0.034311551028481505
2025-08-05 12:00:00+00:00,0.050359330990420316,0.0,0.881105653888889,0.04004559251617296
2025-08-05 18:00:00+00:00,0.04982856761311524,0.0,0.8792526961111111,0.039542331291564356
2025-08-06 00:00:00+00:00,0.04920577354948656,0.0,0.8778550465277778,0.038987018805361734
2025-08-06 06:00:00+00:00,0.05065883516800392,0.0,0.8782938183333333,0.040162191889516675
2025-08-06 12:00:00+00:00,0.041220492747023406,0.0,0.8737788916666667,0.0325252359956133
2025-08-06 18:00:00+00:00,0.0487930033556733,0.0,0.8840706030555556,0.03892345422170976
2025-08-07 00:00:00+00:00,0.04738001724994884,0.0,0.8857174768055556,0.03785911389243888
2025-08-07 06:00:00+00:00,0.04917383175362928,0.0,0.8736473344444444,0.038799898151271
2025-08-07 12:00:00+00:00,0.04898739960853584,0.0,0.8547172522222222,0.03784226809978572
2025-08-07 18:00:00+00:00,0.0502558901879262,0.0,0.8526221611111111,0.038750466833109364
2025-08-08 00:00:00+00:00,0.05123620346085864,0.0,0.8410880405555555,0.038983285473537424
2025-08-08 06:00:00+00:00,0.04672633792714686,0.0,0.8386623505555556,0.03546196689518268
2025-08-08 12:00:00+00:00,0.049356709525739936,0.0,0.8369384593055555,0.03738470932031502
2025-08-08 18:00:00+00:00,0.04661803982540058,0.0,0.8393815845833333,0.0354076572313389
2025-08-09 00:00:00+00:00,0.04354393356375036,0.0,0.8440363544444445,0.033251945260315746
2025-08-09 06:00:00+00:00,0.04743799771187076,0.0,0.8508608955555556,0.03651585518209398
2025-08-09 12:00:00+00:00,0.04881536448676866,0.0,0.8558653644444445,0.0377739774625041
2025-08-09 18:00:00+00:00,0.04827981011540478,0.0,0.8569765258333333,0.037397720889972536
2025-08-10 00:00:00+00:00,0.046699389821008616,0.0,0.8592982348611111,0.03626492521684884
2025-08-10 06:00:00+00:00,0.04717305305354754,0.0,0.8591950781944444,0.036632952826576616
2025-08-10 12:00:00+00:00,0.0508424062271838,0.0,0.858942895,0.03946059486181458
2025-08-10 18:00:00+00:00,0.04496363567339346,0.0,0.8566851431944444,0.03480581563101858
2025-08-11 00:00:00+00:00,0.046259647680616384,0.0,0.8643001515277777,0.036120995638154935
2025-08-11 06:00:00+00:00,0.05105872026703362,0.0,0.87409046875,0.0402950867303829
2025-08-11 12:00:00+00:00,0.05031857076246786,0.0,0.8771039097222223,0.03982928698007124
2025-08-11 18:00:00+00:00,0.049545888687754315,0.0,0.8796371516666667,0.03932994399472914
2025-08-12 00:00:00+00:00,0.04767037211513502,0.0,0.8849674473611111,0.038068001097626945
2025-08-12 06:00:00+00:00,0.05170235788290108,0.0,0.8830590048611111,0.04119491504377452
2025-08-12 12:00:00+00:00,0.048132558762086344,0.0,0.862057076111111,0.03747014437003872
2025-08-12 18:00:00+00:00,0.050361337307827624,0.0,0.856416295,0.03898844992534848
2025-08-13 00:00:00+00:00,0.0492231246797823,0.0,0.8706186388888889,0.03869929351016466
2025-08-13 06:00:00+00:00,0.05054443863235698,0.0,0.9007089881944444,0.041034995054615525
2025-08-13 12:00:00+00:00,0.05230492390239768,0.0,0.9137526452777779,0.04303579390338054
2025-08-13 18:00:00+00:00,0.05211160898770607,0.0,0.9132492002816902,0.042849637186565474
