funding_ts,funding_rate,mark_price
2025-02-24 00:00:00+00:00,-2.97e-05,96218.4
2025-02-24 08:00:00+00:00,6.881e-05,95838.0239037
2025-02-24 16:00:00+00:00,2.05e-05,94296.0
2025-02-25 00:00:00+00:00,0.0001,91524.67726667
2025-02-25 08:00:00+00:00,5.245e-05,89304.14428352
2025-02-25 16:00:00+00:00,1.385e-05,87188.93212261
2025-02-26 00:00:00+00:00,3.521e-05,88639.1
2025-02-26 08:00:00+00:00,6.005e-05,88688.89924444
2025-02-26 16:00:00+00:00,0.0001,87534.92208148
2025-02-27 00:00:00+00:00,9.305e-05,84203.99431111
2025-02-27 08:00:00+00:00,-6.17e-06,86227.86960741
2025-02-27 16:00:00+00:00,9.433e-05,85473.85978519
2025-02-28 00:00:00+00:00,9.444e-05,84667.5
2025-02-28 08:00:00+00:00,9.521e-05,79174.50011852
2025-02-28 16:00:00+00:00,-3.73e-06,83971.85852874
2025-03-01 00:00:00+00:00,-1.4e-07,84300.62248148
2025-03-01 08:00:00+00:00,-6.108e-05,84707.63182963
2025-03-01 16:00:00+00:00,-8.58e-06,84758.97667407
2025-03-02 00:00:00+00:00,-1.094e-05,86017.75225185
2025-03-02 08:00:00+00:00,-2.783e-05,86191.4
2025-03-02 16:00:00+00:00,-2.869e-05,87376.32577037
2025-03-03 00:00:00+00:00,-5.518e-05,94228.90026667
2025-03-03 08:00:00+00:00,7.91e-06,92325.2
2025-03-03 16:00:00+00:00,5.272e-05,90009.4
2025-03-04 00:00:00+00:00,-1.526e-05,86181.9
2025-03-04 08:00:00+00:00,-2.7e-06,83159.4
2025-03-04 16:00:00+00:00,1.306e-05,82949.73682963
2025-03-05 00:00:00+00:00,4.113e-05,87246.0
2025-03-05 08:00:00+00:00,2.722e-05,87579.6
2025-03-05 16:00:00+00:00,5.028e-05,88312.6
2025-03-06 00:00:00+00:00,3.538e-05,90567.40845926
2025-03-06 08:00:00+00:00,6.413e-05,91314.75866667
2025-03-06 16:00:00+00:00,6.818e-05,90770.91326667
2025-03-07 00:00:00+00:00,-6.12e-06,89887.9
2025-03-07 08:00:00+00:00,-1.539e-05,88311.88999259
2025-03-07 16:00:00+00:00,2.028e-05,88417.95212593
2025-03-08 00:00:00+00:00,5.328e-05,86753.8
2025-03-08 08:00:00+00:00,3.73e-06,86159.9807037
2025-03-08 16:00:00+00:00,1.208e-05,86360.0
2025-03-09 00:00:00+00:00,-2.779e-05,86184.8
2025-03-09 08:00:00+00:00,3.218e-05,85973.77313333
2025-03-09 16:00:00+00:00,0.0001,83040.22277037
2025-03-10 00:00:00+00:00,3.952e-05,80688.7
2025-03-10 08:00:00+00:00,1.344e-05,82282.17518519
2025-03-10 16:00:00+00:00,4.037e-05,79999.21651111
2025-03-11 00:00:00+00:00,4.705e-05,78567.8
2025-03-11 08:00:00+00:00,3.26e-05,80395.9142069
2025-03-11 16:00:00+00:00,8.746e-05,81190.7
2025-03-12 00:00:00+00:00,5.76e-06,82896.0
2025-03-12 08:00:00+00:00,5.815e-05,82405.1
2025-03-12 16:00:00+00:00,4.013e-05,81703.59471111
2025-03-13 00:00:00+00:00,4.3e-06,83640.6
2025-03-13 08:00:00+00:00,2.069e-05,83118.5
2025-03-13 16:00:00+00:00,3.19e-05,81016.0
2025-03-14 00:00:00+00:00,5.386e-05,81085.4
2025-03-14 08:00:00+00:00,5.331e-05,82130.6268659
2025-03-14 16:00:00+00:00,3.57e-06,84687.30085824
2025-03-15 00:00:00+00:00,-6.035e-05,83939.8
2025-03-15 08:00:00+00:00,-2.389e-05,83799.028
2025-03-15 16:00:00+00:00,-3.21e-06,84295.7
2025-03-16 00:00:00+00:00,4.32e-06,84302.9
2025-03-16 08:00:00+00:00,4.236e-05,84242.0
2025-03-16 16:00:00+00:00,1.247e-05,83280.0
2025-03-17 00:00:00+00:00,1.065e-05,82541.6
2025-03-17 08:00:00+00:00,8.474e-05,83524.17527094
2025-03-17 16:00:00+00:00,8.59e-06,83499.1
2025-03-18 00:00:00+00:00,7.03e-06,83966.75136398
2025-03-18 08:00:00+00:00,2.059e-05,83124.7
2025-03-18 16:00:00+00:00,3.514e-05,81570.5
2025-03-19 00:00:00+00:00,2e-06,82670.47688148
2025-03-19 08:00:00+00:00,5.961e-05,83135.8
2025-03-19 16:00:00+00:00,5.024e-05,84693.1
2025-03-20 00:00:00+00:00,1.944e-05,86809.8
2025-03-20 08:00:00+00:00,3.79e-05,85769.99517778
2025-03-20 16:00:00+00:00,1.086e-05,84656.4
2025-03-21 00:00:00+00:00,1.615e-05,84183.6
2025-03-21 08:00:00+00:00,5.324e-05,83892.55460741
2025-03-21 16:00:00+00:00,2.518e-05,83525.9
2025-03-22 00:00:00+00:00,2.836e-05,84050.3
2025-03-22 08:00:00+00:00,-1.77e-05,84235.4
2025-03-22 16:00:00+00:00,5.092e-05,84073.5
2025-03-23 00:00:00+00:00,2.099e-05,83804.9
2025-03-23 08:00:00+00:00,-1.84e-06,84232.38148148
2025-03-23 16:00:00+00:00,4.02e-05,85153.69642963
2025-03-24 00:00:00+00:00,2.039e-05,86052.8628963
2025-03-24 08:00:00+00:00,5.512e-05,86831.20146667
2025-03-24 16:00:00+00:00,-3.422e-05,88291.95428148
2025-03-25 00:00:00+00:00,-2.47e-06,87463.3
2025-03-25 08:00:00+00:00,1.15e-05,86404.4
2025-03-25 16:00:00+00:00,-3.776e-05,87727.92137778
2025-03-26 00:00:00+00:00,-2.99e-05,87369.9
2025-03-26 08:00:00+00:00,1.659e-05,88106.7
2025-03-26 16:00:00+00:00,-3.082e-05,86704.27858519
2025-03-27 00:00:00+00:00,3.136e-05,86873.8
2025-03-27 08:00:00+00:00,5.512e-05,87363.2
2025-03-27 16:00:00+00:00,-3.76e-05,86931.84454074
2025-03-28 00:00:00+00:00,1.584e-05,87191.2
2025-03-28 08:00:00+00:00,-4.57e-06,85181.54060741
2025-03-28 16:00:00+00:00,8.118e-05,84011.1
2025-03-29 00:00:00+00:00,5.364e-05,84380.7
2025-03-29 08:00:00+00:00,8.214e-05,83699.76590769
2025-03-29 16:00:00+00:00,2.53e-05,82371.6
2025-03-30 00:00:00+00:00,3.41e-06,82608.11504215
2025-03-30 08:00:00+00:00,4.27e-06,83037.5
2025-03-30 16:00:00+00:00,4.588e-05,82699.9
2025-03-31 00:00:00+00:00,2.643e-05,82345.3
2025-03-31 08:00:00+00:00,6.02e-05,81895.2
2025-03-31 16:00:00+00:00,1.845e-05,83373.4
2025-04-01 00:00:00+00:00,3.961e-05,82517.67674815
2025-04-01 08:00:00+00:00,2.889e-05,83415.2
2025-04-01 16:00:00+00:00,3.573e-05,85245.4
2025-04-02 00:00:00+00:00,-2.112e-05,85120.9
2025-04-02 08:00:00+00:00,3.036e-05,84393.10059259
2025-04-02 16:00:00+00:00,7.33e-06,86716.9
2025-04-03 00:00:00+00:00,5.862e-05,82485.0
2025-04-03 08:00:00+00:00,5.038e-05,83423.97282759
2025-04-03 16:00:00+00:00,6.484e-05,82009.80792337
2025-04-04 00:00:00+00:00,4.283e-05,83168.7
2025-04-04 08:00:00+00:00,4.736e-05,83968.1
2025-04-04 16:00:00+00:00,8.038e-05,82822.0
2025-04-05 00:00:00+00:00,8.559e-05,83861.3
2025-04-05 08:00:00+00:00,7.437e-05,83490.0
2025-04-05 16:00:00+00:00,4.08e-06,82582.45056296
2025-04-06 00:00:00+00:00,2.21e-06,83501.91631852
2025-04-06 08:00:00+00:00,5.363e-05,82990.9
2025-04-06 16:00:00+00:00,-6.03e-06,82503.61944061
2025-04-07 00:00:00+00:00,4.946e-05,78392.35042912
2025-04-07 08:00:00+00:00,6.857e-05,75088.2541037
2025-04-07 16:00:00+00:00,4.998e-05,78465.57328148
2025-04-08 00:00:00+00:00,4.074e-05,79140.1
2025-04-08 08:00:00+00:00,3.575e-05,79455.76043704
2025-04-08 16:00:00+00:00,3.134e-05,78462.8292963
2025-04-09 00:00:00+00:00,9.568e-05,76297.9
2025-04-09 08:00:00+00:00,-2.252e-05,77645.5
2025-04-09 16:00:00+00:00,6.856e-05,77224.48104444
2025-04-10 00:00:00+00:00,7.705e-05,82588.0
2025-04-10 08:00:00+00:00,1.14e-06,81561.5
2025-04-10 16:00:00+00:00,6.775e-05,78726.3
2025-04-11 00:00:00+00:00,2.065e-05,79576.11047407
2025-04-11 08:00:00+00:00,-4.294e-05,81213.7
2025-04-11 16:00:00+00:00,3.29e-05,82486.7
2025-04-12 00:00:00+00:00,3.654e-05,83385.7
2025-04-12 08:00:00+00:00,5.64e-05,83685.4
2025-04-12 16:00:00+00:00,5.388e-05,84974.2
2025-04-13 00:00:00+00:00,5.057e-05,85240.01637778
2025-04-13 08:00:00+00:00,8.429e-05,84383.61757037
2025-04-13 16:00:00+00:00,9.642e-05,83820.1
2025-04-14 00:00:00+00:00,8.113e-05,83715.61378519
2025-04-14 08:00:00+00:00,7.127e-05,84545.16948148
2025-04-14 16:00:00+00:00,2.428e-05,84063.1
2025-04-15 00:00:00+00:00,-2.073e-05,84553.9
2025-04-15 08:00:00+00:00,6.606e-05,85691.3
2025-04-15 16:00:00+00:00,1.883e-05,84874.59705926
2025-04-16 00:00:00+00:00,2.428e-05,83608.7
2025-04-16 08:00:00+00:00,6.917e-05,83336.36678161
2025-04-16 16:00:00+00:00,1.978e-05,84801.7
2025-04-17 00:00:00+00:00,1.404e-05,83994.1836
2025-04-17 08:00:00+00:00,5.679e-05,84630.32499202
2025-04-17 16:00:00+00:00,3.425e-05,84495.5
2025-04-18 00:00:00+00:00,1.788e-05,84916.10982222
2025-04-18 08:00:00+00:00,7.071e-05,84622.9
2025-04-18 16:00:00+00:00,2.995e-05,84337.39696296
2025-04-19 00:00:00+00:00,2.93e-05,84429.71837548
2025-04-19 08:00:00+00:00,6.024e-05,85174.5
2025-04-19 16:00:00+00:00,-1.953e-05,85146.2
2025-04-20 00:00:00+00:00,-2.98e-06,85046.9
2025-04-20 08:00:00+00:00,-1.078e-05,84739.09365128
2025-04-20 16:00:00+00:00,-2.258e-05,84305.11534074
2025-04-21 00:00:00+00:00,5.232e-05,85142.30088148
2025-04-21 08:00:00+00:00,5.403e-05,87400.6
2025-04-21 16:00:00+00:00,1.553e-05,87998.12642222
2025-04-22 00:00:00+00:00,7.749e-05,87467.8227037
2025-04-22 08:00:00+00:00,-7.44e-06,88436.16399259
2025-04-22 16:00:00+00:00,-7.045e-05,90881.1
2025-04-23 00:00:00+00:00,-1.389e-05,93404.9
2025-04-23 08:00:00+00:00,1.374e-05,94110.36297318
2025-04-23 16:00:00+00:00,4.587e-05,93149.55929437
2025-04-24 00:00:00+00:00,-2.671e-05,93641.27053973
2025-04-24 08:00:00+00:00,5.21e-05,92167.24875325
2025-04-24 16:00:00+00:00,-2.165e-05,93148.88519481
2025-04-25 00:00:00+00:00,-1.764e-05,93931.6
2025-04-25 08:00:00+00:00,1.7e-06,93734.0
2025-04-25 16:00:00+00:00,1.2e-06,95000.28830833
2025-04-26 00:00:00+00:00,-0.00010085,94591.8
2025-04-26 08:00:00+00:00,-2.774e-05,94523.02069167
2025-04-26 16:00:00+00:00,2.855e-05,94326.89167892
2025-04-27 00:00:00+00:00,-1.5e-05,94575.7
2025-04-27 08:00:00+00:00,-6.6e-06,94027.7
2025-04-27 16:00:00+00:00,-4.21e-06,93857.8
2025-04-28 00:00:00+00:00,3.73e-06,93697.0
2025-04-28 08:00:00+00:00,2.46e-06,94641.5
2025-04-28 16:00:00+00:00,-5.821e-05,93782.5
2025-04-29 00:00:00+00:00,-7.73e-06,94969.0
2025-04-29 08:00:00+00:00,4.13e-06,94877.9
2025-04-29 16:00:00+00:00,1.305e-05,94800.87365217
2025-04-30 00:00:00+00:00,-5.181e-05,94211.74500725
2025-04-30 08:00:00+00:00,2.939e-05,94577.6
2025-04-30 16:00:00+00:00,-3.797e-05,93961.60732609
2025-05-01 00:00:00+00:00,3.519e-05,94130.75027536
2025-05-01 08:00:00+00:00,5.755e-05,94983.01632609
2025-05-01 16:00:00+00:00,-8.028e-05,96794.89389805
2025-05-02 00:00:00+00:00,-0.00012232,96433.84531159
2025-05-02 08:00:00+00:00,-9.382e-05,96302.1
2025-05-02 16:00:00+00:00,-8.689e-05,97277.00616667
2025-05-03 00:00:00+00:00,-5.953e-05,96831.65852586
2025-05-03 08:00:00+00:00,3.198e-05,96290.8
2025-05-03 16:00:00+00:00,-1.483e-05,96360.13496232
2025-05-04 00:00:00+00:00,3.7e-06,95819.52819239
2025-05-04 08:00:00+00:00,3.229e-05,95842.1
2025-05-04 16:00:00+00:00,3.745e-05,95421.1
2025-05-05 00:00:00+00:00,-2.404e-05,94240.51430435
2025-05-05 08:00:00+00:00,3.636e-05,94697.80169565
2025-05-05 16:00:00+00:00,-2.247e-05,93731.39948913
2025-05-06 00:00:00+00:00,1.978e-05,94696.8
2025-05-06 08:00:00+00:00,4.44e-05,94353.53756884
2025-05-06 16:00:00+00:00,7.57e-06,94511.8
2025-05-07 00:00:00+00:00,1.218e-05,96794.5
2025-05-07 08:00:00+00:00,-2.5e-07,96949.17783333
2025-05-07 16:00:00+00:00,1.32e-05,96888.9
2025-05-08 00:00:00+00:00,2.318e-05,96990.24909783
2025-05-08 08:00:00+00:00,4.608e-05,99215.08710145
2025-05-08 16:00:00+00:00,5.728e-05,100730.9
2025-05-09 00:00:00+00:00,0.0001,103241.74847826
2025-05-09 08:00:00+00:00,0.0001,103628.9027029
2025-05-09 16:00:00+00:00,4.378e-05,102852.4
2025-05-10 00:00:00+00:00,9.657e-05,102941.8
2025-05-10 08:00:00+00:00,0.0001,103721.7
2025-05-10 16:00:00+00:00,4.257e-05,103102.7
2025-05-11 00:00:00+00:00,0.0001,104789.0
2025-05-11 08:00:00+00:00,4.15e-05,103336.9
2025-05-11 16:00:00+00:00,0.0001,104089.06693841
2025-05-12 00:00:00+00:00,4.454e-05,104072.8
2025-05-12 08:00:00+00:00,0.0001,104426.2
2025-05-12 16:00:00+00:00,2.301e-05,102484.98667754
2025-05-13 00:00:00+00:00,6.847e-05,102739.98641667
2025-05-13 08:00:00+00:00,0.0001,102624.0
2025-05-13 16:00:00+00:00,7.256e-05,103642.21569565
2025-05-14 00:00:00+00:00,9.921e-05,104082.25016667
2025-05-14 08:00:00+00:00,7.542e-05,103662.2
2025-05-14 16:00:00+00:00,3.175e-05,103461.4
2025-05-15 00:00:00+00:00,2.978e-05,103458.2
2025-05-15 08:00:00+00:00,5.336e-05,101733.9
2025-05-15 16:00:00+00:00,1.439e-05,103212.64269928
2025-05-16 00:00:00+00:00,4.504e-05,103731.0
2025-05-16 08:00:00+00:00,7.535e-05,103646.6
2025-05-16 16:00:00+00:00,4.768e-05,104152.87767029
2025-05-17 00:00:00+00:00,2.821e-05,103420.88946739
2025-05-17 08:00:00+00:00,3.34e-05,103399.4
2025-05-17 16:00:00+00:00,5.97e-06,102900.0
2025-05-18 00:00:00+00:00,6.742e-05,103079.5
2025-05-18 08:00:00+00:00,5.903e-05,103891.4
2025-05-18 16:00:00+00:00,0.0001,105484.2
2025-05-19 00:00:00+00:00,5.99e-05,106415.65899638
2025-05-19 08:00:00+00:00,6.04e-05,103175.66738043
2025-05-19 16:00:00+00:00,2.11e-05,104740.4
2025-05-20 00:00:00+00:00,8.378e-05,105539.99272464
2025-05-20 08:00:00+00:00,7.107e-05,104998.20574797
2025-05-20 16:00:00+00:00,1.266e-05,105294.5
2025-05-21 00:00:00+00:00,8.767e-05,106800.4
2025-05-21 08:00:00+00:00,7.147e-05,106469.35994203
2025-05-21 16:00:00+00:00,5.119e-05,108936.7
2025-05-22 00:00:00+00:00,0.0001,109611.57980435
2025-05-22 08:00:00+00:00,0.0001,111005.8
2025-05-22 16:00:00+00:00,0.0001,111236.8
2025-05-23 00:00:00+00:00,9.321e-05,111663.50596536
2025-05-23 08:00:00+00:00,7.261e-05,110685.2
2025-05-23 16:00:00+00:00,8.614e-05,108889.2
2025-05-24 00:00:00+00:00,3.524e-05,107273.6267971
2025-05-24 08:00:00+00:00,4.59e-05,107554.85993116
2025-05-24 16:00:00+00:00,7.837e-05,108895.88856522
2025-05-25 00:00:00+00:00,9.794e-05,107698.9
2025-05-25 08:00:00+00:00,5.113e-05,107634.7
2025-05-25 16:00:00+00:00,3.651e-05,106928.0
2025-05-26 00:00:00+00:00,7.331e-05,108955.9
2025-05-26 08:00:00+00:00,0.0001,110050.0
2025-05-26 16:00:00+00:00,9.782e-05,109951.1
2025-05-27 00:00:00+00:00,7.65e-05,109403.70430072
2025-05-27 08:00:00+00:00,7.266e-05,109471.8
2025-05-27 16:00:00+00:00,2.476e-05,110091.3
2025-05-28 00:00:00+00:00,3.26e-05,108889.2
2025-05-28 08:00:00+00:00,2.164e-05,108764.9
2025-05-28 16:00:00+00:00,5.368e-05,107066.31867754
2025-05-29 00:00:00+00:00,3.186e-05,107723.1
2025-05-29 08:00:00+00:00,2.812e-05,107839.5
2025-05-29 16:00:00+00:00,8.379e-05,106972.6
2025-05-30 00:00:00+00:00,2.622e-05,105540.0
2025-05-30 08:00:00+00:00,3.849e-05,104997.4
2025-05-30 16:00:00+00:00,7.392e-05,105503.9
2025-05-31 00:00:00+00:00,8.506e-05,103950.0
2025-05-31 08:00:00+00:00,7.552e-05,103701.25933333
2025-05-31 16:00:00+00:00,4.687e-05,104499.67307246
2025-06-01 00:00:00+00:00,-5.82e-06,104544.7
2025-06-01 08:00:00+00:00,2.335e-05,104231.0
2025-06-01 16:00:00+00:00,4.117e-05,104664.0
2025-06-02 00:00:00+00:00,-6.42e-06,105589.61297464
2025-06-02 08:00:00+00:00,5.593e-05,105346.4
2025-06-02 16:00:00+00:00,4.467e-05,104396.9
2025-06-03 00:00:00+00:00,5.005e-05,105814.4
2025-06-03 08:00:00+00:00,6.066e-05,105134.3
2025-06-03 16:00:00+00:00,4.456e-05,106556.1
2025-06-04 00:00:00+00:00,-1.1e-07,105330.1
2025-06-04 08:00:00+00:00,2.611e-05,105260.4656625
2025-06-04 16:00:00+00:00,9.62e-06,105255.92777899
2025-06-05 00:00:00+00:00,7.4e-07,104646.0376413
2025-06-05 08:00:00+00:00,2.871e-05,104473.0
2025-06-05 16:00:00+00:00,5.156e-05,104485.4
2025-06-06 00:00:00+00:00,-3.491e-05,101458.7
2025-06-06 08:00:00+00:00,-3.03e-05,103096.8
2025-06-06 16:00:00+00:00,-2.995e-05,105037.54876812
2025-06-07 00:00:00+00:00,-2.89e-05,104240.1
2025-06-07 08:00:00+00:00,-3.158e-05,104813.72660507
2025-06-07 16:00:00+00:00,2.94e-06,105508.84818333
2025-06-08 00:00:00+00:00,4.808e-05,105509.63211957
2025-06-08 08:00:00+00:00,5.613e-05,105380.4
2025-06-08 16:00:00+00:00,-3.602e-05,105923.14248188
2025-06-09 00:00:00+00:00,-2.164e-05,105679.25375362
2025-06-09 08:00:00+00:00,4.024e-05,105517.90905797
2025-06-09 16:00:00+00:00,3.057e-05,107568.29532246
2025-06-10 00:00:00+00:00,6.374e-05,110227.9
2025-06-10 08:00:00+00:00,0.0001,109178.1
2025-06-10 16:00:00+00:00,8.165e-05,108970.17962319
2025-06-11 00:00:00+00:00,8.779e-05,110235.3
2025-06-11 08:00:00+00:00,8.39e-05,109397.0
2025-06-11 16:00:00+00:00,5.039e-05,109694.9
2025-06-12 00:00:00+00:00,1.856e-05,108610.75909727
2025-06-12 08:00:00+00:00,7.247e-05,107578.64501938
2025-06-12 16:00:00+00:00,1.198e-05,106960.7
2025-06-13 00:00:00+00:00,-1.801e-05,105621.56706522
2025-06-13 08:00:00+00:00,-2.7e-06,104831.4
2025-06-13 16:00:00+00:00,3.857e-05,105392.0
2025-06-14 00:00:00+00:00,1.958e-05,106031.87648551
2025-06-14 08:00:00+00:00,3.858e-05,105029.9210759
2025-06-14 16:00:00+00:00,1.135e-05,104785.31052899
2025-06-15 00:00:00+00:00,-3.641e-05,105359.8
2025-06-15 08:00:00+00:00,1.439e-05,105378.68969203
2025-06-15 16:00:00+00:00,7.369e-05,105526.0
2025-06-16 00:00:00+00:00,9.36e-06,105546.26398514
2025-06-16 08:00:00+00:00,5.07e-05,107023.8
2025-06-16 16:00:00+00:00,2.793e-05,107375.0
2025-06-17 00:00:00+00:00,1.847e-05,106750.1
2025-06-17 08:00:00+00:00,5.776e-05,106711.1
2025-06-17 16:00:00+00:00,2.211e-05,104203.95066304
2025-06-18 00:00:00+00:00,-1.752e-05,104508.0
2025-06-18 08:00:00+00:00,3.695e-05,104925.6
2025-06-18 16:00:00+00:00,6.692e-05,104751.91415217
2025-06-19 00:00:00+00:00,8.45e-06,104836.47953623
2025-06-19 08:00:00+00:00,6.16e-06,104593.47301449
2025-06-19 16:00:00+00:00,2.396e-05,104055.2
2025-06-20 00:00:00+00:00,3.565e-05,104612.28734221
2025-06-20 08:00:00+00:00,7.862e-05,105763.5
2025-06-20 16:00:00+00:00,2.4e-05,104168.5
2025-06-21 00:00:00+00:00,3.977e-05,103246.0
2025-06-21 08:00:00+00:00,1.933e-05,103405.77309257
2025-06-21 16:00:00+00:00,7.44e-05,103516.7
2025-06-22 00:00:00+00:00,2.883e-05,102072.0
2025-06-22 08:00:00+00:00,0.0001,102399.0
2025-06-22 16:00:00+00:00,4.145e-05,98855.01865881
2025-06-23 00:00:00+00:00,-1.061e-05,100917.08497464
2025-06-23 08:00:00+00:00,-2.809e-05,101874.4
2025-06-23 16:00:00+00:00,4.889e-05,101374.2
2025-06-24 00:00:00+00:00,1.245e-05,105293.94364855
2025-06-24 08:00:00+00:00,1.218e-05,104909.9157971
2025-06-24 16:00:00+00:00,4.47e-06,105182.2177029
2025-06-25 00:00:00+00:00,-3.174e-05,106035.0
2025-06-25 08:00:00+00:00,2.747e-05,106556.27685145
2025-06-25 16:00:00+00:00,9.62e-06,106984.14716304
2025-06-26 00:00:00+00:00,1.41e-06,107283.48498551
2025-06-26 08:00:00+00:00,3.805e-05,107768.6
2025-06-26 16:00:00+00:00,6.82e-06,107259.9
2025-06-27 00:00:00+00:00,1.113e-05,106913.8
2025-06-27 08:00:00+00:00,2.663e-05,106822.99177536
2025-06-27 16:00:00+00:00,2.557e-05,107261.2
2025-06-28 00:00:00+00:00,-1.161e-05,106996.9
2025-06-28 08:00:00+00:00,6.053e-05,107433.05392391
2025-06-28 16:00:00+00:00,4.434e-05,107407.6
2025-06-29 00:00:00+00:00,1.25e-05,107241.0
2025-06-29 08:00:00+00:00,5.36e-05,107355.6
2025-06-29 16:00:00+00:00,0.0001,107694.80147464
2025-06-30 00:00:00+00:00,1.084e-05,108310.31981522
2025-06-30 08:00:00+00:00,2.959e-05,107562.6
2025-06-30 16:00:00+00:00,4.923e-05,107538.70402174
2025-07-01 00:00:00+00:00,1.053e-05,107096.82611594
2025-07-01 08:00:00+00:00,4.334e-05,107122.8
2025-07-01 16:00:00+00:00,1.109e-05,105905.4
2025-07-02 00:00:00+00:00,1.807e-05,105638.0
2025-07-02 08:00:00+00:00,3.403e-05,107026.0
2025-07-02 16:00:00+00:00,4.13e-05,108695.3
2025-07-03 00:00:00+00:00,4.871e-05,108800.0
2025-07-03 08:00:00+00:00,3.562e-05,109235.0408587
2025-07-03 16:00:00+00:00,5.028e-05,109089.9
2025-07-04 00:00:00+00:00,5.23e-05,109545.2
2025-07-04 08:00:00+00:00,5.009e-05,108666.22027536
2025-07-04 16:00:00+00:00,1.797e-05,107534.7
2025-07-05 00:00:00+00:00,1.066e-05,107935.3
2025-07-05 08:00:00+00:00,3.055e-05,108001.93068165
2025-07-05 16:00:00+00:00,4.005e-05,108012.7
2025-07-06 00:00:00+00:00,1.941e-05,108153.4
2025-07-06 08:00:00+00:00,1.665e-05,107991.4
2025-07-06 16:00:00+00:00,1.028e-05,108856.8
2025-07-07 00:00:00+00:00,2.36e-05,109145.8
2025-07-07 08:00:00+00:00,3.438e-05,109016.3
2025-07-07 16:00:00+00:00,4.271e-05,108252.0
2025-07-08 00:00:00+00:00,1.073e-05,108208.86520652
2025-07-08 08:00:00+00:00,4.563e-05,108440.6
2025-07-08 16:00:00+00:00,3.601e-05,108216.9
2025-07-09 00:00:00+00:00,3.093e-05,108873.1
2025-07-09 08:00:00+00:00,3.396e-05,108674.8
2025-07-09 16:00:00+00:00,4.253e-05,109020.0
2025-07-10 00:00:00+00:00,0.0001,111199.8
2025-07-10 08:00:00+00:00,8.523e-05,111186.1
2025-07-10 16:00:00+00:00,1.908e-05,111349.5
2025-07-11 00:00:00+00:00,0.0001,115979.2
2025-07-11 08:00:00+00:00,0.0001,117522.8
2025-07-11 16:00:00+00:00,0.0001,116897.42130435
2025-07-12 00:00:00+00:00,0.0001,117501.26688406
2025-07-12 08:00:00+00:00,0.0001,117689.7
2025-07-12 16:00:00+00:00,0.0001,117075.5
2025-07-13 00:00:00+00:00,0.0001,117389.4
2025-07-13 08:00:00+00:00,0.0001,117957.51349275
2025-07-13 16:00:00+00:00,0.0001,118611.53782971
2025-07-14 00:00:00+00:00,8.051e-05,119041.56046377
2025-07-14 08:00:00+00:00,0.0001,122717.44717391
2025-07-14 16:00:00+00:00,0.0001,119867.57057971
2025-07-15 00:00:00+00:00,0.0001,119818.52750362
2025-07-15 08:00:00+00:00,0.0001,116780.52426812
2025-07-15 16:00:00+00:00,0.0001,116389.57304348
2025-07-16 00:00:00+00:00,0.0001,117738.5
2025-07-16 08:00:00+00:00,0.0001,118184.09413043
2025-07-16 16:00:00+00:00,0.0001,119054.3
2025-07-17 00:00:00+00:00,0.0001,118598.08606159
2025-07-17 08:00:00+00:00,0.0001,118289.1
2025-07-17 16:00:00+00:00,0.0001,118874.61847826
2025-07-18 00:00:00+00:00,0.0001,119176.6
2025-07-18 08:00:00+00:00,0.0001,119356.5
2025-07-18 16:00:00+00:00,0.0001,117851.82027174
2025-07-19 00:00:00+00:00,0.0001,117897.67534058
2025-07-19 08:00:00+00:00,0.0001,118135.0
2025-07-19 16:00:00+00:00,0.0001,118036.56383986
2025-07-20 00:00:00+00:00,0.0001,117814.4
2025-07-20 08:00:00+00:00,0.0001,117993.92586594
2025-07-20 16:00:00+00:00,0.0001,118669.4
2025-07-21 00:00:00+00:00,0.0001,117227.38173188
2025-07-21 08:00:00+00:00,0.0001,119352.1
2025-07-21 16:00:00+00:00,0.0001,118304.2
2025-07-22 00:00:00+00:00,0.0001,117331.09485145
2025-07-22 08:00:00+00:00,0.0001,117959.5
2025-07-22 16:00:00+00:00,0.0001,118899.8
2025-07-23 00:00:00+00:00,0.0001,119993.7
2025-07-23 08:00:00+00:00,0.0001,118327.36687681
2025-07-23 16:00:00+00:00,0.0001,118531.0
2025-07-24 00:00:00+00:00,0.0001,118713.5
2025-07-24 08:00:00+00:00,0.0001,118368.0
2025-07-24 16:00:00+00:00,0.0001,119074.1
2025-07-25 00:00:00+00:00,0.0001,118283.4
2025-07-25 08:00:00+00:00,0.0001,115314.35953986
2025-07-25 16:00:00+00:00,0.0001,115691.05080797
2025-07-26 00:00:00+00:00,0.0001,117588.55875092
2025-07-26 08:00:00+00:00,0.0001,117288.73869928
2025-07-26 16:00:00+00:00,0.0001,118112.87820652
2025-07-27 00:00:00+00:00,0.0001,117889.3
2025-07-27 08:00:00+00:00,0.0001,118087.08156884
2025-07-27 16:00:00+00:00,0.0001,118580.8
2025-07-28 00:00:00+00:00,0.0001,119419.44478261
2025-07-28 08:00:00+00:00,0.0001,118886.24443841
2025-07-28 16:00:00+00:00,0.0001,118158.66325758
2025-07-29 00:00:00+00:00,0.0001,118041.8671553
2025-07-29 08:00:00+00:00,0.0001,118856.3
2025-07-29 16:00:00+00:00,0.0001,117351.43826812
2025-07-30 00:00:00+00:00,0.0001,117904.12262319
2025-07-30 08:00:00+00:00,0.0001,118083.2
2025-07-30 16:00:00+00:00,0.0001,117949.9
2025-07-31 00:00:00+00:00,5.694e-05,117772.92036957
2025-07-31 08:00:00+00:00,0.0001,118624.0
2025-07-31 16:00:00+00:00,0.0001,118263.69556522
2025-08-01 00:00:00+00:00,-1.408e-05,115702.16776087
2025-08-01 08:00:00+00:00,1.549e-05,115035.53571377
2025-08-01 16:00:00+00:00,5.681e-05,115305.3
2025-08-02 00:00:00+00:00,4.81e-05,113244.7
2025-08-02 08:00:00+00:00,8.94e-06,113920.40738768
2025-08-02 16:00:00+00:00,4.437e-05,112798.5
2025-08-03 00:00:00+00:00,5.633e-05,112509.76593841
2025-08-03 08:00:00+00:00,4.533e-05,113647.1
2025-08-03 16:00:00+00:00,7.504e-05,113905.36980217
2025-08-04 00:00:00+00:00,4.188e-05,114150.84958333
2025-08-04 08:00:00+00:00,5.719e-05,114606.9
2025-08-04 16:00:00+00:00,3.912e-05,114774.5580471
2025-08-05 00:00:00+00:00,7.101e-05,115002.1
2025-08-05 08:00:00+00:00,8.589e-05,113924.7
2025-08-05 16:00:00+00:00,4.784e-05,112890.03634109
2025-08-06 00:00:00+00:00,5.172e-05,114077.36580435
2025-08-06 08:00:00+00:00,9.275e-05,114180.5031938
2025-08-06 16:00:00+00:00,8.288e-05,115389.8435814
2025-08-07 00:00:00+00:00,4.843e-05,114945.2239186
2025-08-07 08:00:00+00:00,7.574e-05,114751.2
2025-08-07 16:00:00+00:00,6.275e-05,116634.6
2025-08-08 00:00:00+00:00,2.403e-05,117419.9
2025-08-08 08:00:00+00:00,1.729e-05,116773.122225
2025-08-08 16:00:00+00:00,7.973e-05,116170.72810417
2025-08-09 00:00:00+00:00,8.835e-05,116628.2
2025-08-09 08:00:00+00:00,9.087e-05,116703.2
2025-08-09 16:00:00+00:00,5.151e-05,116839.01276667
2025-08-10 00:00:00+00:00,9.849e-05,116422.0
2025-08-10 08:00:00+00:00,0.0001,117770.1
2025-08-10 16:00:00+00:00,0.0001,118773.19905
2025-08-11 00:00:00+00:00,0.0001,119255.3
2025-08-11 08:00:00+00:00,0.0001,121533.485
2025-08-11 16:00:00+00:00,0.0001,120276.94746739
2025-08-12 00:00:00+00:00,0.0001,118642.12869203
2025-08-12 08:00:00+00:00,7.988e-05,118931.9
2025-08-12 16:00:00+00:00,8.543e-05,119887.9
2025-08-13 00:00:00+00:00,7.123e-05,120081.0
2025-08-13 08:00:00+00:00,0.0001,119546.71040942
2025-08-13 16:00:00+00:00,0.0001,120907.16175725
2025-08-14 00:00:00+00:00,0.0001,123324.0
2025-08-14 08:00:00+00:00,0.0001,121739.29889855
2025-08-14 16:00:00+00:00,0.0001,118206.5
2025-08-15 00:00:00+00:00,1.939e-05,118245.12016304
2025-08-15 08:00:00+00:00,7.99e-05,118908.4
2025-08-15 16:00:00+00:00,3.722e-05,117224.26810507
2025-08-16 00:00:00+00:00,8.85e-05,117282.05060833
2025-08-16 08:00:00+00:00,8.268e-05,117543.6
2025-08-16 16:00:00+00:00,9.023e-05,117626.9
2025-08-17 00:00:00+00:00,8.206e-05,117333.60187083
2025-08-17 08:00:00+00:00,4.68e-05,117949.9
2025-08-17 16:00:00+00:00,1.862e-05,118193.93730833
2025-08-18 00:00:00+00:00,2.846e-05,117358.84539167
2025-08-18 08:00:00+00:00,-6.82e-06,115153.2
2025-08-18 16:00:00+00:00,5.296e-05,116099.9
2025-08-19 00:00:00+00:00,7.137e-05,116183.6
2025-08-19 08:00:00+00:00,6.262e-05,114928.8
2025-08-19 16:00:00+00:00,3.167e-05,113730.0
2025-08-20 00:00:00+00:00,4.543e-05,112829.16656522
2025-08-20 08:00:00+00:00,1.364e-05,113436.7
2025-08-20 16:00:00+00:00,4.936e-05,113293.1
2025-08-21 00:00:00+00:00,1.143e-05,114221.25347464
2025-08-21 08:00:00+00:00,7.757e-05,113836.8
2025-08-21 16:00:00+00:00,7.414e-05,112748.9
2025-08-22 00:00:00+00:00,7.296e-05,112461.5
2025-08-22 08:00:00+00:00,0.0001,113040.1
2025-08-22 16:00:00+00:00,5.867e-05,116319.3
2025-08-23 00:00:00+00:00,0.0001,116897.5
2025-08-23 08:00:00+00:00,0.0001,115769.9
2025-08-23 16:00:00+00:00,9.711e-05,114778.21648188
2025-08-24 00:00:00+00:00,0.0001,115377.1
2025-08-24 08:00:00+00:00,0.0001,114854.8
2025-08-24 16:00:00+00:00,0.0001,114374.99972826
2025-08-25 00:00:00+00:00,0.0001,113446.3
2025-08-25 08:00:00+00:00,0.0001,111472.55518478
2025-08-25 16:00:00+00:00,8.344e-05,112139.1
2025-08-26 00:00:00+00:00,4.522e-05,110064.58160507
2025-08-26 08:00:00+00:00,3.9e-05,110246.49650362
2025-08-26 16:00:00+00:00,0.0001,109634.08811594
2025-08-27 00:00:00+00:00,1.802e-05,111709.9
2025-08-27 08:00:00+00:00,5.503e-05,110688.0
2025-08-27 16:00:00+00:00,3.496e-05,111965.1
2025-08-28 00:00:00+00:00,5.297e-05,111207.83953261
2025-08-28 08:00:00+00:00,9.693e-05,113079.3
2025-08-28 16:00:00+00:00,7.512e-05,112642.4190942
2025-08-29 00:00:00+00:00,4.261e-05,112509.45998913
2025-08-29 08:00:00+00:00,5.856e-05,109989.38102899
2025-08-29 16:00:00+00:00,6.44e-06,108340.72792754
2025-08-30 00:00:00+00:00,7.523e-05,108332.4
2025-08-30 08:00:00+00:00,7.979e-05,108466.7
2025-08-30 16:00:00+00:00,8.042e-05,108830.0
2025-08-31 00:00:00+00:00,-1.232e-05,108758.15376812
2025-08-31 08:00:00+00:00,4.749e-05,108658.2
2025-08-31 16:00:00+00:00,0.0001,108763.86765217
2025-09-01 00:00:00+00:00,4.66e-05,108208.3
2025-09-01 08:00:00+00:00,0.0001,109367.8
2025-09-01 16:00:00+00:00,4.963e-05,108737.9
2025-09-02 00:00:00+00:00,6.946e-05,109193.10473913
2025-09-02 08:00:00+00:00,8.805e-05,110190.1
2025-09-02 16:00:00+00:00,6.356e-05,110789.9
2025-09-03 00:00:00+00:00,7.67e-06,111189.75470652
2025-09-03 08:00:00+00:00,5.127e-05,111045.87517029
2025-09-03 16:00:00+00:00,2.344e-05,112171.59743478
2025-09-04 00:00:00+00:00,1.808e-05,111664.20931522
2025-09-04 08:00:00+00:00,4.385e-05,110417.3
2025-09-04 16:00:00+00:00,7.941e-05,109464.1
2025-09-05 00:00:00+00:00,7.532e-05,110679.5
2025-09-05 08:00:00+00:00,0.0001,112906.33317391
2025-09-05 16:00:00+00:00,7.872e-05,110672.1
2025-09-06 00:00:00+00:00,1.297e-05,110614.9
2025-09-06 08:00:00+00:00,5.66e-05,110779.9
2025-09-06 16:00:00+00:00,5.11e-05,110324.2
2025-09-07 00:00:00+00:00,1.97e-05,110135.3
2025-09-07 08:00:00+00:00,3.611e-05,110710.8
2025-09-07 16:00:00+00:00,6.969e-05,111280.66566667
2025-09-08 00:00:00+00:00,9.404e-05,111079.2797029
2025-09-08 08:00:00+00:00,6.682e-05,111236.4
2025-09-08 16:00:00+00:00,7.311e-05,112574.15101812
2025-09-09 00:00:00+00:00,3.799e-05,112015.09961957
2025-09-09 08:00:00+00:00,0.0001,112952.16761594
2025-09-09 16:00:00+00:00,0.0001,110830.1
2025-09-10 00:00:00+00:00,5.805e-05,111500.0
2025-09-10 08:00:00+00:00,5.026e-05,112503.82111957
2025-09-10 16:00:00+00:00,0.0001,113795.6
2025-09-11 00:00:00+00:00,5.843e-05,113899.89001087
2025-09-11 08:00:00+00:00,4.283e-05,114040.0
2025-09-11 16:00:00+00:00,3.326e-05,114133.27146739
2025-09-12 00:00:00+00:00,6.137e-05,115426.9
2025-09-12 08:00:00+00:00,3.768e-05,115049.0
2025-09-12 16:00:00+00:00,6.891e-05,115064.8
2025-09-13 00:00:00+00:00,-1.554e-05,115978.4
2025-09-13 08:00:00+00:00,2.251e-05,115719.33161349
2025-09-13 16:00:00+00:00,3.137e-05,115721.3
2025-09-14 00:00:00+00:00,8.182e-05,115865.61246739
2025-09-14 08:00:00+00:00,4.78e-05,115747.96161957
2025-09-14 16:00:00+00:00,3.115e-05,115191.27874724
2025-09-15 00:00:00+00:00,6.207e-05,115227.83664493
2025-09-15 08:00:00+00:00,8.259e-05,115769.6
2025-09-15 16:00:00+00:00,8.189e-05,114805.44046377
2025-09-16 00:00:00+00:00,9.97e-06,115300.6
2025-09-16 08:00:00+00:00,6.991e-05,115799.4
2025-09-16 16:00:00+00:00,6.472e-05,115878.0
2025-09-17 00:00:00+00:00,6.972e-05,116747.3
2025-09-17 08:00:00+00:00,8.441e-05,117120.5
2025-09-17 16:00:00+00:00,6.303e-05,115825.1
2025-09-18 00:00:00+00:00,4.941e-05,116402.5
2025-09-18 08:00:00+00:00,8.928e-05,117042.70206159
2025-09-18 16:00:00+00:00,4.208e-05,117530.2
2025-09-19 00:00:00+00:00,-2.31e-06,117017.51732609
2025-09-19 08:00:00+00:00,2.109e-05,116850.1
2025-09-19 16:00:00+00:00,5.264e-05,115827.0
2025-09-20 00:00:00+00:00,3.757e-05,115569.76332609
2025-09-20 08:00:00+00:00,-2.7e-07,115909.9
2025-09-20 16:00:00+00:00,-1.006e-05,115928.4
2025-09-21 00:00:00+00:00,-5.322e-05,115625.0
2025-09-21 08:00:00+00:00,2.563e-05,115773.32392029
2025-09-21 16:00:00+00:00,3.742e-05,115473.52326812
2025-09-22 00:00:00+00:00,6.665e-05,115183.9
2025-09-22 08:00:00+00:00,1.743e-05,112454.24433333
2025-09-22 16:00:00+00:00,4.838e-05,112768.7
2025-09-23 00:00:00+00:00,7.062e-05,112604.7
2025-09-23 08:00:00+00:00,7.083e-05,113048.1
2025-09-23 16:00:00+00:00,7.478e-05,112829.13869565
2025-09-24 00:00:00+00:00,5.794e-05,111947.1
2025-09-24 08:00:00+00:00,6.267e-05,112544.7
2025-09-24 16:00:00+00:00,4.886e-05,113300.0
2025-09-25 00:00:00+00:00,-2.2e-06,113254.73047826
2025-09-25 08:00:00+00:00,1.73e-05,111712.21934783
2025-09-25 16:00:00+00:00,9.56e-05,111546.0067971
2025-09-26 00:00:00+00:00,3.143e-05,108944.80184783
2025-09-26 08:00:00+00:00,4.36e-05,109257.3
2025-09-26 16:00:00+00:00,7.716e-05,108983.16757971
2025-09-27 00:00:00+00:00,-1e-07,109588.74702899
2025-09-27 08:00:00+00:00,3.425e-05,109354.9
2025-09-27 16:00:00+00:00,7.821e-05,109348.37457246
2025-09-28 00:00:00+00:00,3.314e-05,109577.33157971
2025-09-28 08:00:00+00:00,4.976e-05,109468.5
2025-09-28 16:00:00+00:00,5.261e-05,109989.9
2025-09-29 00:00:00+00:00,2.312e-05,112119.6
2025-09-29 08:00:00+00:00,1.304e-05,111814.8
2025-09-29 16:00:00+00:00,3.2e-07,113753.37049275
2025-09-30 00:00:00+00:00,2.353e-05,114261.5775
2025-09-30 08:00:00+00:00,5.893e-05,113662.3
2025-09-30 16:00:00+00:00,2.584e-05,113055.5
2025-10-01 00:00:00+00:00,3.355e-05,113988.7
2025-10-01 08:00:00+00:00,3.457e-05,114488.84474513
2025-10-01 16:00:00+00:00,0.0001,117367.03486232
2025-10-02 00:00:00+00:00,7.784e-05,118553.6
2025-10-02 08:00:00+00:00,0.0001,118444.2
2025-10-02 16:00:00+00:00,9.543e-05,119876.19732609
2025-10-03 00:00:00+00:00,9.926e-05,120481.3
2025-10-03 08:00:00+00:00,0.0001,119620.0
2025-10-03 16:00:00+00:00,0.0001,122240.9233958
2025-10-04 00:00:00+00:00,0.0001,122182.6
2025-10-04 08:00:00+00:00,0.0001,122274.3698051
2025-10-04 16:00:00+00:00,8.312e-05,121740.07963043
2025-10-05 00:00:00+00:00,8.648e-05,122343.2
2025-10-05 08:00:00+00:00,0.0001,124692.5
2025-10-05 16:00:00+00:00,9.566e-05,122753.0
2025-10-06 00:00:00+00:00,7.672e-05,123426.7
2025-10-06 08:00:00+00:00,9.708e-05,123342.94168841
2025-10-06 16:00:00+00:00,5.831e-05,124946.2
2025-10-07 00:00:00+00:00,0.0001,124619.4849058
2025-10-07 08:00:00+00:00,8.608e-05,123629.13742754
2025-10-07 16:00:00+00:00,6.194e-05,121822.13839855
2025-10-08 00:00:00+00:00,2.542e-05,121286.5
2025-10-08 08:00:00+00:00,0.0001,121555.76018116
2025-10-08 16:00:00+00:00,5.396e-05,122140.58355072
2025-10-09 00:00:00+00:00,1.344e-05,123237.94232609
2025-10-09 08:00:00+00:00,5.35e-05,121847.8
2025-10-09 16:00:00+00:00,1.455e-05,121084.88746377
2025-10-10 00:00:00+00:00,7.85e-06,121582.7910045
2025-10-10 08:00:00+00:00,3.879e-05,120878.7
2025-10-10 16:00:00+00:00,1.013e-05,118962.1
2025-10-11 00:00:00+00:00,0.0001,112716.8
2025-10-11 08:00:00+00:00,0.0001,110331.91623913
2025-10-11 16:00:00+00:00,4.67e-06,111744.4
2025-10-12 00:00:00+00:00,-3.055e-05,110579.1
2025-10-12 08:00:00+00:00,2.865e-05,111468.10053623
2025-10-12 16:00:00+00:00,-0.00010915,113123.87871739
2025-10-13 00:00:00+00:00,-3.942e-05,114894.4
2025-10-13 08:00:00+00:00,2.519e-05,115341.8
2025-10-13 16:00:00+00:00,-2.305e-05,114260.8
2025-10-14 00:00:00+00:00,-4.041e-05,115112.0
2025-10-14 08:00:00+00:00,7.12e-06,111677.04921014
2025-10-14 16:00:00+00:00,-4.498e-05,112817.34618841
2025-10-15 00:00:00+00:00,-5.425e-05,112984.75726812
2025-10-15 08:00:00+00:00,3.973e-05,112526.11848551
2025-10-15 16:00:00+00:00,2.25e-06,110757.4
2025-10-16 00:00:00+00:00,-2.741e-05,110701.13593478
2025-10-16 08:00:00+00:00,-2.23e-05,110526.82160145
2025-10-16 16:00:00+00:00,-3.004e-05,108493.60663043
2025-10-17 00:00:00+00:00,-2.85e-06,108132.22237681
2025-10-17 08:00:00+00:00,-6.34e-06,105578.3
2025-10-17 16:00:00+00:00,-2.91e-06,106764.91873188
2025-10-18 00:00:00+00:00,-4.819e-05,106378.67421014
2025-10-18 08:00:00+00:00,-6.376e-05,106642.86139855
2025-10-18 16:00:00+00:00,-3.681e-05,106896.91817391
2025-10-19 00:00:00+00:00,-1.411e-05,107117.5
2025-10-19 08:00:00+00:00,1.512e-05,106733.3
2025-10-19 16:00:00+00:00,2.787e-05,108434.7964058
2025-10-20 00:00:00+00:00,-2.197e-05,108590.7
2025-10-20 08:00:00+00:00,-6.65e-06,111144.51395652
2025-10-20 16:00:00+00:00,-1.8e-07,111079.2
2025-10-21 00:00:00+00:00,-5.567e-05,110469.9
2025-10-21 08:00:00+00:00,2.222e-05,108040.11896377
2025-10-21 16:00:00+00:00,-2.506e-05,113355.3
2025-10-22 00:00:00+00:00,-4.212e-05,108256.95482609
2025-10-22 08:00:00+00:00,2.445e-05,108285.03557721
2025-10-22 16:00:00+00:00,5.702e-05,108375.0050942
2025-10-23 00:00:00+00:00,8.911e-05,107532.0
2025-10-23 08:00:00+00:00,2.673e-05,109229.9408913
2025-10-23 16:00:00+00:00,3.933e-05,109849.0
2025-10-24 00:00:00+00:00,3.391e-05,110032.13344928
2025-10-24 08:00:00+00:00,1.783e-05,111014.12165942
2025-10-24 16:00:00+00:00,3.224e-05,110009.8
2025-10-25 00:00:00+00:00,5.02e-05,110965.34494203
2025-10-25 08:00:00+00:00,1.484e-05,111445.4
2025-10-25 16:00:00+00:00,5.57e-05,111341.17806667
2025-10-26 00:00:00+00:00,1.903e-05,111593.3293913
2025-10-26 08:00:00+00:00,5.35e-06,111672.9
2025-10-26 16:00:00+00:00,6.904e-05,113651.89706522
2025-10-27 00:00:00+00:00,0.0001,114505.72468116
2025-10-27 08:00:00+00:00,0.0001,115522.4
2025-10-27 16:00:00+00:00,7.304e-05,114914.5
2025-10-28 00:00:00+00:00,6.059e-05,114064.1
2025-10-28 08:00:00+00:00,7.806e-05,114132.8762971
2025-10-28 16:00:00+00:00,2.992e-05,114580.1
2025-10-29 00:00:00+00:00,-3.2e-07,112841.11893478
2025-10-29 08:00:00+00:00,3.588e-05,113512.0
2025-10-29 16:00:00+00:00,5.003e-05,111460.6
2025-10-30 00:00:00+00:00,1.097e-05,109985.95808696
2025-10-30 08:00:00+00:00,3.449e-05,111319.3395942
2025-10-30 16:00:00+00:00,3.562e-05,107670.5
2025-10-31 00:00:00+00:00,2.13e-06,108263.5
2025-10-31 08:00:00+00:00,0.0001,109400.0
2025-10-31 16:00:00+00:00,0.0001,110173.78203623
2025-11-01 00:00:00+00:00,0.0001,109557.3
2025-11-01 08:00:00+00:00,0.0001,110025.3
2025-11-01 16:00:00+00:00,9.782e-05,110261.9
2025-11-02 00:00:00+00:00,8.2e-05,110051.81800725
2025-11-02 08:00:00+00:00,8.15e-05,110846.38874638
2025-11-02 16:00:00+00:00,5.635e-05,110066.1
2025-11-03 00:00:00+00:00,6.098e-05,110497.99736957
2025-11-03 08:00:00+00:00,6.853e-05,107431.0332029
2025-11-03 16:00:00+00:00,5.329e-05,105718.8
2025-11-04 00:00:00+00:00,0.0001,106544.0
2025-11-04 08:00:00+00:00,5.808e-05,104446.13108696
2025-11-04 16:00:00+00:00,6.339e-05,103157.2
2025-11-05 00:00:00+00:00,7.132e-05,101437.3
2025-11-05 08:00:00+00:00,2.831e-05,101946.1
2025-11-05 16:00:00+00:00,2.816e-05,103667.8
2025-11-06 00:00:00+00:00,3.985e-05,103847.34145652
2025-11-06 08:00:00+00:00,7.916e-05,103144.43398551
2025-11-06 16:00:00+00:00,4.494e-05,101988.1
2025-11-07 00:00:00+00:00,4.705e-05,101305.6
2025-11-07 08:00:00+00:00,4.227e-05,101978.8
2025-11-07 16:00:00+00:00,8.631e-05,100758.1
2025-11-08 00:00:00+00:00,7.776e-05,103305.2
2025-11-08 08:00:00+00:00,3.047e-05,102314.6037971
2025-11-08 16:00:00+00:00,3.74e-05,101678.1
2025-11-09 00:00:00+00:00,-1.64e-05,102269.2
2025-11-09 08:00:00+00:00,4.187e-05,101898.2
2025-11-09 16:00:00+00:00,8.948e-05,103717.85895652
2025-11-10 00:00:00+00:00,8.87e-05,104670.7
2025-11-10 08:00:00+00:00,7.355e-05,106421.67538406
2025-11-10 16:00:00+00:00,4.979e-05,105018.03477536
2025-11-11 00:00:00+00:00,2.818e-05,105966.2
2025-11-11 08:00:00+00:00,-2.775e-05,104737.0
2025-11-11 16:00:00+00:00,5.823e-05,103421.01242754
2025-11-12 00:00:00+00:00,2.462e-05,103007.53711594
2025-11-12 08:00:00+00:00,6.87e-06,103070.02844928
2025-11-12 16:00:00+00:00,5.786e-05,102156.97811594
2025-11-13 00:00:00+00:00,1.077e-05,101605.9
2025-11-13 08:00:00+00:00,9.352e-05,103431.0
2025-11-13 16:00:00+00:00,7.448e-05,101343.98608696
2025-11-14 00:00:00+00:00,8.569e-05,99663.82278986
2025-11-14 08:00:00+00:00,9.126e-05,97102.43884783
2025-11-14 16:00:00+00:00,9.078e-05,96752.6
2025-11-15 00:00:00+00:00,8.507e-05,94544.9
2025-11-15 08:00:00+00:00,0.0001,96292.37823188
2025-11-15 16:00:00+00:00,5.923e-05,96222.2
2025-11-16 00:00:00+00:00,7.745e-05,95560.3
2025-11-16 08:00:00+00:00,0.0001,96065.30980435
2025-11-16 16:00:00+00:00,7.06e-05,94526.6
2025-11-17 00:00:00+00:00,0.0001,94234.43224638
2025-11-17 08:00:00+00:00,9.568e-05,95599.53695652
2025-11-17 16:00:00+00:00,7.208e-05,93917.48474513
2025-11-18 00:00:00+00:00,0.0001,92169.7
2025-11-18 08:00:00+00:00,0.0001,90463.52234058
2025-11-18 16:00:00+00:00,3.725e-05,92856.83807346
2025-11-19 00:00:00+00:00,7.496e-05,92916.9
2025-11-19 08:00:00+00:00,5.012e-05,91831.80035507
2025-11-19 16:00:00+00:00,3.98e-05,89905.19610145
2025-11-20 00:00:00+00:00,4.259e-05,91522.33241304
2025-11-20 08:00:00+00:00,0.0001,92268.56732609
2025-11-20 16:00:00+00:00,8.999e-05,89845.8
2025-11-21 00:00:00+00:00,4.272e-05,86603.55317391
2025-11-21 08:00:00+00:00,4.524e-05,84022.8696087
2025-11-21 16:00:00+00:00,2.642e-05,82896.5
2025-11-22 00:00:00+00:00,1.373e-05,85093.5
2025-11-22 08:00:00+00:00,6.735e-05,84537.3
2025-11-22 16:00:00+00:00,5.057e-05,84241.49595652
2025-11-23 00:00:00+00:00,3.812e-05,84691.12791304
2025-11-23 08:00:00+00:00,1.53e-06,85745.86332609
2025-11-23 16:00:00+00:00,-8.93e-06,87043.56694928
2025-11-24 00:00:00+00:00,-6e-08,86807.6
2025-11-24 08:00:00+00:00,-1.34e-06,87004.6
2025-11-24 16:00:00+00:00,5.044e-05,86571.90668116
2025-11-25 00:00:00+00:00,-5.29e-05,88247.84814093
2025-11-25 08:00:00+00:00,1.996e-05,87362.2
2025-11-25 16:00:00+00:00,-3.019e-05,86946.5
2025-11-26 00:00:00+00:00,4.038e-05,87324.1
2025-11-26 08:00:00+00:00,5.388e-05,87897.61326087
2025-11-26 16:00:00+00:00,-4.19e-06,86926.52760145
2025-11-27 00:00:00+00:00,-2.599e-05,90440.1
2025-11-27 08:00:00+00:00,2.408e-05,91362.62505797
2025-11-27 16:00:00+00:00,4.624e-05,90913.0
2025-11-28 00:00:00+00:00,1.771e-05,91292.57118441
2025-11-28 08:00:00+00:00,6.007e-05,90877.6
2025-11-28 16:00:00+00:00,-1.703e-05,92310.6888081
2025-11-29 00:00:00+00:00,-1.982e-05,90847.8
2025-11-29 08:00:00+00:00,1.778e-05,90523.5
2025-11-29 16:00:00+00:00,2.635e-05,91029.9
2025-11-30 00:00:00+00:00,6.082e-05,90765.0
2025-11-30 08:00:00+00:00,3.556e-05,90924.6
2025-11-30 16:00:00+00:00,3.88e-05,91411.4
2025-12-01 00:00:00+00:00,3.593e-05,90327.18313043
2025-12-01 08:00:00+00:00,3.153e-05,86498.90961019
2025-12-01 16:00:00+00:00,1.491e-05,84650.79218841
2025-12-02 00:00:00+00:00,-1.009e-05,86251.64706522
2025-12-02 08:00:00+00:00,2.643e-05,86967.63789167
2025-12-02 16:00:00+00:00,3.999e-05,90816.8987029
2025-12-03 00:00:00+00:00,-1.732e-05,91249.1
2025-12-03 08:00:00+00:00,4.206e-05,92970.0
2025-12-03 16:00:00+00:00,-8.85e-06,92333.85671014
2025-12-04 00:00:00+00:00,-3.95e-06,93381.85158696
2025-12-04 08:00:00+00:00,7.435e-05,93361.06881884
2025-12-04 16:00:00+00:00,3.928e-05,92945.25542029
2025-12-05 00:00:00+00:00,4.837e-05,92036.81684783
2025-12-05 08:00:00+00:00,4.944e-05,92219.3
2025-12-05 16:00:00+00:00,3.91e-06,90414.1392971
2025-12-06 00:00:00+00:00,3.693e-05,89288.87393478
2025-12-06 08:00:00+00:00,1.919e-05,89549.6
2025-12-06 16:00:00+00:00,-1.822e-05,89713.4
2025-12-07 00:00:00+00:00,4.192e-05,89190.2
2025-12-07 08:00:00+00:00,1.666e-05,89337.94880435
2025-12-07 16:00:00+00:00,5.212e-05,89509.46367391
2025-12-08 00:00:00+00:00,-5.39e-06,90347.07469565
2025-12-08 08:00:00+00:00,6.545e-05,91519.8
2025-12-08 16:00:00+00:00,3.395e-05,89921.35480435
2025-12-09 00:00:00+00:00,8.52e-06,90610.7
2025-12-09 08:00:00+00:00,6.379e-05,90437.5
2025-12-09 16:00:00+00:00,5.443e-05,92667.54021739
2025-12-10 00:00:00+00:00,2.777e-05,92638.3
2025-12-10 08:00:00+00:00,1.996e-05,92744.7
2025-12-10 16:00:00+00:00,3.205e-05,92029.50025362
2025-12-11 00:00:00+00:00,2.59e-05,91981.25991304
2025-12-11 08:00:00+00:00,-1.577e-05,90231.4
2025-12-11 16:00:00+00:00,6.1e-05,89838.70794203
2025-12-12 00:00:00+00:00,6.914e-05,92479.8
2025-12-12 08:00:00+00:00,4.698e-05,92392.37302174
2025-12-12 16:00:00+00:00,3.383e-05,89905.2817029
2025-12-13 00:00:00+00:00,1.21e-06,90229.7
2025-12-13 08:00:00+00:00,6.02e-05,90282.74673913
2025-12-13 16:00:00+00:00,6.041e-05,90055.4
2025-12-14 00:00:00+00:00,0.0001,90197.0
2025-12-14 08:00:00+00:00,2.898e-05,90205.0
2025-12-14 16:00:00+00:00,3.773e-05,88985.2
2025-12-15 00:00:00+00:00,1.9e-06,88108.1
2025-12-15 08:00:00+00:00,-8.93e-06,89703.0
2025-12-15 16:00:00+00:00,3.081e-05,86995.88862819
2025-12-16 00:00:00+00:00,7.467e-05,86389.99156522
2025-12-16 08:00:00+00:00,1.35e-05,85964.2
2025-12-16 16:00:00+00:00,4.089e-05,87940.4
2025-12-17 00:00:00+00:00,6.221e-05,87826.3
2025-12-17 08:00:00+00:00,8.987e-05,87010.4
2025-12-17 16:00:00+00:00,5.917e-05,87198.3
2025-12-18 00:00:00+00:00,6.23e-05,86206.73265942
2025-12-18 08:00:00+00:00,-8.67e-06,86787.5
2025-12-18 16:00:00+00:00,8.355e-05,88487.0
2025-12-19 00:00:00+00:00,5.491e-05,85473.7159058
2025-12-19 08:00:00+00:00,0.0001,87913.9
2025-12-19 16:00:00+00:00,0.0001,87936.1810045
2025-12-20 00:00:00+00:00,0.0001,88100.0531087
2025-12-20 08:00:00+00:00,1.234e-05,88239.9
2025-12-20 16:00:00+00:00,7.171e-05,88134.6
2025-12-21 00:00:00+00:00,9.682e-05,88320.8
2025-12-21 08:00:00+00:00,8.873e-05,88141.4479058
2025-12-21 16:00:00+00:00,3.977e-05,88024.7
2025-12-22 00:00:00+00:00,4.389e-05,88621.3
2025-12-22 08:00:00+00:00,4.524e-05,89132.4210942
2025-12-22 16:00:00+00:00,6.654e-05,89688.5
2025-12-23 00:00:00+00:00,2.633e-05,88579.9
2025-12-23 08:00:00+00:00,5.231e-05,87531.60234783
2025-12-23 16:00:00+00:00,1.795e-05,87407.18552899
2025-12-24 00:00:00+00:00,0.0001,87463.0
2025-12-24 08:00:00+00:00,8.455e-05,86866.4
2025-12-24 16:00:00+00:00,5.927e-05,87017.48463043
2025-12-25 00:00:00+00:00,5.953e-05,87627.3
2025-12-25 08:00:00+00:00,7.953e-05,87795.9
2025-12-25 16:00:00+00:00,8.322e-05,88327.2
2025-12-26 00:00:00+00:00,4.378e-05,87185.69548551
2025-12-26 08:00:00+00:00,5.427e-05,88433.0
2025-12-26 16:00:00+00:00,0.0001,87100.0
2025-12-27 00:00:00+00:00,1.809e-05,87330.0667084
2025-12-27 08:00:00+00:00,2.788e-05,87490.9
2025-12-27 16:00:00+00:00,5.85e-05,87510.2
2025-12-28 00:00:00+00:00,-3.6e-07,87831.96938406
2025-12-28 08:00:00+00:00,7.955e-05,87697.84224167
2025-12-28 16:00:00+00:00,9.464e-05,87797.6
2025-12-29 00:00:00+00:00,0.0001,87920.5
2025-12-29 08:00:00+00:00,0.0001,89583.0
2025-12-29 16:00:00+00:00,4.826e-05,87643.76313043
2025-12-30 00:00:00+00:00,0.0001,87209.04473188
2025-12-30 08:00:00+00:00,4.613e-05,87457.5
2025-12-30 16:00:00+00:00,8.345e-05,88966.8
2025-12-31 00:00:00+00:00,2.922e-05,88455.3
2025-12-31 08:00:00+00:00,1.453e-05,88569.0
2025-12-31 16:00:00+00:00,3.75e-05,87909.0
2026-01-01 00:00:00+00:00,0.0001,87608.3
2026-01-01 08:00:00+00:00,0.0001,87603.80894203
2026-01-01 16:00:00+00:00,1.711e-05,87986.8
2026-01-02 00:00:00+00:00,5.608e-05,88799.9
2026-01-02 08:00:00+00:00,4.219e-05,88829.2
2026-01-02 16:00:00+00:00,4.813e-05,89373.0
2026-01-03 00:00:00+00:00,3.11e-05,89951.89852174
2026-01-03 08:00:00+00:00,1.055e-05,89535.9
2026-01-03 16:00:00+00:00,6.938e-05,89931.8
2026-01-04 00:00:00+00:00,9.488e-05,90595.85826667
2026-01-04 08:00:00+00:00,5.813e-05,91481.74876087
2026-01-04 16:00:00+00:00,4.436e-05,91295.09684783
2026-01-05 00:00:00+00:00,8.893e-05,91512.43532609
2026-01-05 08:00:00+00:00,5.23e-05,92492.27911544
2026-01-05 16:00:00+00:00,7.723e-05,93914.99367316
2026-01-06 00:00:00+00:00,-1.376e-05,93822.4
2026-01-06 08:00:00+00:00,2.816e-05,93208.62138406
2026-01-06 16:00:00+00:00,2.691e-05,93608.2
2026-01-07 00:00:00+00:00,6.582e-05,93708.0
2026-01-07 08:00:00+00:00,0.0001,92848.1
2026-01-07 16:00:00+00:00,2.885e-05,91303.2
2026-01-08 00:00:00+00:00,8.693e-05,91328.1
2026-01-08 08:00:00+00:00,0.0001,90509.9
2026-01-08 16:00:00+00:00,6.436e-05,90763.7241087
2026-01-09 00:00:00+00:00,-2.813e-05,91059.8
2026-01-09 08:00:00+00:00,7.258e-05,90712.2
2026-01-09 16:00:00+00:00,2.18e-06,91137.7
2026-01-10 00:00:00+00:00,5.643e-05,90604.03880833
2026-01-10 08:00:00+00:00,7.657e-05,90627.1
2026-01-10 16:00:00+00:00,6.235e-05,90622.7
2026-01-11 00:00:00+00:00,8.744e-05,90469.7
2026-01-11 08:00:00+00:00,4.67e-05,90664.86374094
2026-01-11 16:00:00+00:00,1.667e-05,90834.1
2026-01-12 00:00:00+00:00,1.813e-05,90976.6
2026-01-12 08:00:00+00:00,2.902e-05,91369.3
2026-01-12 16:00:00+00:00,4.65e-05,91625.1
2026-01-13 00:00:00+00:00,2.245e-05,91254.18296377
2026-01-13 08:00:00+00:00,9.838e-05,91920.87575362
2026-01-13 16:00:00+00:00,3.445e-05,93407.9
2026-01-14 00:00:00+00:00,1.29e-06,95375.2
2026-01-14 08:00:00+00:00,2.497e-05,95170.48131159
2026-01-14 16:00:00+00:00,4.076e-05,96691.9
2026-01-15 00:00:00+00:00,-3.67e-06,96908.0
2026-01-15 08:00:00+00:00,1.749e-05,96606.62814493
2026-01-15 16:00:00+00:00,1.526e-05,96750.47456522
2026-01-16 00:00:00+00:00,7.34e-05,95567.4
2026-01-16 08:00:00+00:00,7.337e-05,95608.3
2026-01-16 16:00:00+00:00,2.495e-05,94537.5
2026-01-17 00:00:00+00:00,-1.78e-06,95503.7
2026-01-17 08:00:00+00:00,3.007e-05,95061.58289855
2026-01-17 16:00:00+00:00,2.976e-05,95529.0
2026-01-18 00:00:00+00:00,3.503e-05,95108.62485833
2026-01-18 08:00:00+00:00,9.616e-05,94989.9
2026-01-18 16:00:00+00:00,6.571e-05,95072.97801667
2026-01-19 00:00:00+00:00,3.473e-05,93614.0
2026-01-19 08:00:00+00:00,1.943e-05,92788.73004348
2026-01-19 16:00:00+00:00,2.494e-05,93017.11165217
2026-01-20 00:00:00+00:00,9.819e-05,92590.59439855
2026-01-20 08:00:00+00:00,6.626e-05,91136.1
2026-01-20 16:00:00+00:00,5.652e-05,90652.79605072
2026-01-21 00:00:00+00:00,0.0001,88390.6
2026-01-21 08:00:00+00:00,6.055e-05,89180.30531159
2026-01-21 16:00:00+00:00,2.41e-05,90237.2
2026-01-22 00:00:00+00:00,6.355e-05,89419.48837681
2026-01-22 08:00:00+00:00,5.11e-05,89772.5
2026-01-22 16:00:00+00:00,9.419e-05,88978.66202899
2026-01-23 00:00:00+00:00,5.09e-05,89518.5
2026-01-23 08:00:00+00:00,3.39e-05,89509.13183333
2026-01-23 16:00:00+00:00,6.968e-05,89713.0
2026-01-24 00:00:00+00:00,1.531e-05,89558.7
2026-01-24 08:00:00+00:00,8.909e-05,89583.1405
2026-01-24 16:00:00+00:00,3.901e-05,89237.32462519
2026-01-25 00:00:00+00:00,1.336e-05,89181.09492029
2026-01-25 08:00:00+00:00,8.051e-05,88630.90404348
2026-01-25 16:00:00+00:00,4.917e-05,88406.0
2026-01-26 00:00:00+00:00,4.067e-05,86629.0
2026-01-26 08:00:00+00:00,2.847e-05,87969.0
2026-01-26 16:00:00+00:00,5.606e-05,87609.5
2026-01-27 00:00:00+00:00,4.267e-05,88301.36701449
2026-01-27 08:00:00+00:00,6.028e-05,88290.49133841
2026-01-27 16:00:00+00:00,7.503e-05,88009.15772864
2026-01-28 00:00:00+00:00,6.237e-05,89203.89821739
2026-01-28 08:00:00+00:00,6.174e-05,89106.9
2026-01-28 16:00:00+00:00,3.83e-05,89446.72848576
2026-01-29 00:00:00+00:00,7.21e-05,89262.92891304
2026-01-29 08:00:00+00:00,5.856e-05,88310.9
2026-01-29 16:00:00+00:00,4.023e-05,84898.27826087
2026-01-30 00:00:00+00:00,4.478e-05,84617.11086232
2026-01-30 08:00:00+00:00,1.714e-05,82778.82526087
2026-01-30 16:00:00+00:00,3.1e-06,82853.51839855
2026-01-31 00:00:00+00:00,9.693e-05,84213.96525362
2026-01-31 08:00:00+00:00,3.548e-05,83514.4
2026-01-31 16:00:00+00:00,6.585e-05,81275.68205797
2026-02-01 00:00:00+00:00,-3.267e-05,78701.59597101
2026-02-01 08:00:00+00:00,3.421e-05,78320.9
2026-02-01 16:00:00+00:00,1.722e-05,77563.8
2026-02-02 00:00:00+00:00,6.8e-07,76931.6
2026-02-02 08:00:00+00:00,-3.043e-05,76609.9
2026-02-02 16:00:00+00:00,-5.713e-05,78800.6
2026-02-03 00:00:00+00:00,-2.203e-05,78698.62801349
2026-02-03 08:00:00+00:00,2.245e-05,78745.6
2026-02-03 16:00:00+00:00,-4.65e-06,78099.52176087
2026-02-04 00:00:00+00:00,1.19e-06,75732.4
2026-02-04 08:00:00+00:00,3.551e-05,76478.9
2026-02-04 16:00:00+00:00,4.618e-05,74101.9
2026-02-05 00:00:00+00:00,9.173e-05,73153.9
2026-02-05 08:00:00+00:00,2.98e-06,70710.7436057
2026-02-05 16:00:00+00:00,-4.957e-05,67455.49563043
2026-02-06 00:00:00+00:00,-1.597e-05,62887.1415
2026-02-06 08:00:00+00:00,-0.00013688,64791.4
2026-02-06 16:00:00+00:00,-0.00013478,68574.0
2026-02-07 00:00:00+00:00,-0.00015178,70544.4
2026-02-07 08:00:00+00:00,-8.326e-05,68067.0
2026-02-07 16:00:00+00:00,-2.907e-05,69122.1
2026-02-08 00:00:00+00:00,-3.403e-05,69254.2
2026-02-08 08:00:00+00:00,-3.546e-05,69667.5
2026-02-08 16:00:00+00:00,-4.864e-05,71152.6
2026-02-09 00:00:00+00:00,-3.075e-05,70304.73338406
2026-02-09 08:00:00+00:00,1.846e-05,70393.4
2026-02-09 16:00:00+00:00,-4.284e-05,69538.5
2026-02-10 00:00:00+00:00,-8.798e-05,70110.6
2026-02-10 08:00:00+00:00,-4.829e-05,68882.1
2026-02-10 16:00:00+00:00,-8.816e-05,69252.9
2026-02-11 00:00:00+00:00,1.4e-05,68805.3
2026-02-11 08:00:00+00:00,-8.417e-05,67000.0
2026-02-11 16:00:00+00:00,-1.169e-05,66489.4
2026-02-12 00:00:00+00:00,-1.381e-05,67072.2
2026-02-12 08:00:00+00:00,3.499e-05,67200.19716739
2026-02-12 16:00:00+00:00,-1.728e-05,67103.7
2026-02-13 00:00:00+00:00,5.834e-05,66243.2
2026-02-13 08:00:00+00:00,7.16e-06,66184.59749275
2026-02-13 16:00:00+00:00,-1.274e-05,68652.4
2026-02-14 00:00:00+00:00,1.291e-05,68853.38406522
2026-02-14 08:00:00+00:00,3.174e-05,69182.52364493
2026-02-14 16:00:00+00:00,-3.094e-05,69754.1
2026-02-15 00:00:00+00:00,-1.068e-05,69795.4
2026-02-15 08:00:00+00:00,4.664e-05,70784.0
2026-02-15 16:00:00+00:00,-2.371e-05,69068.1
2026-02-16 00:00:00+00:00,2.659e-05,68798.3
2026-02-16 08:00:00+00:00,-3.277e-05,68554.37742754
2026-02-16 16:00:00+00:00,-4.112e-05,67505.5
2026-02-17 00:00:00+00:00,5.883e-05,68862.55130435
2026-02-17 08:00:00+00:00,2.672e-05,68353.4
2026-02-17 16:00:00+00:00,5.077e-05,67363.5
2026-02-18 00:00:00+00:00,3.215e-05,67475.9
2026-02-18 08:00:00+00:00,-1.41e-06,68078.4
2026-02-18 16:00:00+00:00,3.604e-05,67672.6371087
2026-02-19 00:00:00+00:00,-4.014e-05,66430.40573913
2026-02-19 08:00:00+00:00,2.686e-05,67182.87271014
2026-02-19 16:00:00+00:00,-3.052e-05,66367.72373188
2026-02-20 00:00:00+00:00,5.365e-05,66974.0
2026-02-20 08:00:00+00:00,1.302e-05,67794.7
2026-02-20 16:00:00+00:00,-6.71e-06,67551.9554058
2026-02-21 00:00:00+00:00,4.456e-05,67988.82876812
2026-02-21 08:00:00+00:00,2.485e-05,67821.0
2026-02-21 16:00:00+00:00,3.235e-05,68583.28794603
2026-02-22 00:00:00+00:00,7.3e-06,67958.92213768
2026-02-22 08:00:00+00:00,4.2e-07,67974.33214493
2026-02-22 16:00:00+00:00,4.972e-05,67660.0
2026-02-23 00:00:00+00:00,6.946e-05,67613.6
2026-02-23 08:00:00+00:00,-9.317e-05,65915.8
2026-02-23 16:00:00+00:00,2.251e-05,65638.07392029
